sentence_id,sentence,order,question_for,n1_number,n1_gender,n2_gender,det_n1_word,n1_word,det_n2_word,n2_word,v1_word,v2_word,det_n1_positions,n1_positions,pou_position,det_n2_positions,n2_positions,v1_positions,v2_positions,det_n1_tokens,n1_tokens,pou_token,det_n2_tokens,n2_tokens,v1_tokens,v2_tokens,det_n1_token_count,n1_token_count,det_n2_token_count,n2_token_count,v1_token_count,v2_token_count
0,Η δασκάλα που ο καθηγητής γνωρίζει πονάει.,SVO,V2,sing,f,m,Η,δασκάλα,ο,καθηγητής,γνωρίζει,πονάει.,[1],[2],3,[4],[5],[6],"[7, 8]",['ÎĹ'],['ĠÎ´Î±ÏĥÎºÎ¬Î»Î±'],ĠÏĢÎ¿Ïħ,['ĠÎ¿'],['ĠÎºÎ±Î¸Î·Î³Î·ÏĦÎ®ÏĤ'],['ĠÎ³Î½ÏīÏģÎ¯Î¶ÎµÎ¹'],"['ĠÏĢÎ¿Î½', 'Î¬ÎµÎ¹']",1,1,1,1,1,2
1,Οι υποψήφιοι που οι εργάτες μισούν σκέφτονται.,SVO,V2,plur,m,m,Οι,υποψήφιοι,οι,εργάτες,μισούν,σκέφτονται.,[1],[2],3,[4],[5],[6],"[7, 8, 9, 10]",['ÎŁÎ¹'],['ĠÏħÏĢÎ¿ÏĪÎ®ÏĨÎ¹Î¿Î¹'],ĠÏĢÎ¿Ïħ,['ĠÎ¿Î¹'],['ĠÎµÏģÎ³'],['Î¬ÏĦÎµÏĤ'],"['ĠÎ¼Î¹Ïĥ', 'Î¿ÏįÎ½', 'ĠÏĥÎºÎŃÏĨ', 'ÏĦÎ¿Î½ÏĦÎ±Î¹']",1,1,1,1,1,4
2,Η αθλήτρια που η υποψήφια αντιπαθεί γελάει.,SVO,V2,sing,f,f,Η,αθλήτρια,η,υποψήφια,αντιπαθεί,γελάει.,[1],"[2, 3]",4,[5],[6],[7],"[8, 9, 10, 11, 12, 13]",['ÎĹ'],"['ĠÎ±Î¸Î»Î®', 'ÏĦÏģÎ¹Î±']",ĠÏĢÎ¿Ïħ,['ĠÎ·'],['ĠÏħÏĢÎ¿ÏĪÎ®ÏĨ'],['Î¹Î±'],"['ĠÎ±Î½ÏĦÎ¹', 'ÏĢÎ±', 'Î¸ÎµÎ¯', 'ĠÎ³', 'ÎµÎ»Î¬', 'ÎµÎ¹']",1,2,1,1,1,6
3,Οι καθηγήτριες που γνωρίζουν οι υποψήφιες πονάνε.,VSO,V2,plur,f,f,Οι,καθηγήτριες,οι,υποψήφιες,γνωρίζουν,πονάνε.,[1],"[2, 3, 4]",5,[7],[8],[6],"[9, 10, 11]",['ÎŁÎ¹'],"['ĠÎºÎ±Î¸Î·', 'Î³Î®', 'ÏĦÏģÎ¹ÎµÏĤ']",ĠÏĢÎ¿Ïħ,['ĠÎ¿Î¹'],['ĠÏħÏĢÎ¿ÏĪÎ®ÏĨÎ¹'],['ĠÎ³Î½ÏīÏģÎ¯Î¶Î¿ÏħÎ½'],"['ÎµÏĤ', 'ĠÏĢÎ¿Î½', 'Î¬Î½Îµ']",1,3,1,1,1,3
4,Οι δασκάλες που εκτιμούν οι εργάτριες κλαίνε.,VSO,V1,plur,f,f,Οι,δασκάλες,οι,εργάτριες,εκτιμούν,κλαίνε.,[1],"[2, 3]",4,[6],[7],[5],"[8, 9, 10]",['ÎŁÎ¹'],"['ĠÎ´Î±ÏĥÎº', 'Î¬Î»ÎµÏĤ']",ĠÏĢÎ¿Ïħ,['ĠÎ¿Î¹'],['ĠÎµÏģÎ³Î¬'],['ĠÎµÎºÏĦÎ¹Î¼Î¿ÏįÎ½'],"['ÏĦÏģÎ¹ÎµÏĤ', 'ĠÎºÎ»Î±', 'Î¯Î½Îµ']",1,2,1,1,1,3
5,Ο λογιστής που η γυμνάστρια αγαπάει πονάει.,SVO,V1,sing,m,f,Ο,λογιστής,η,γυμνάστρια,αγαπάει,πονάει.,[1],"[2, 3]",4,[5],[6],[7],"[8, 9, 10, 11, 12]",['ÎŁ'],"['ĠÎ»Î¿Î³', 'Î¹ÏĥÏĦÎ®ÏĤ']",ĠÏĢÎ¿Ïħ,['ĠÎ·'],['ĠÎ³ÏħÎ¼'],['Î½Î¬'],"['ÏĥÏĦÏģÎ¹Î±', 'ĠÎ±Î³Î±ÏĢÎ¬', 'ÎµÎ¹', 'ĠÏĢÎ¿Î½', 'Î¬ÎµÎ¹']",1,2,1,1,1,5
6,Οι νοσοκόμοι που θαυμάζουν οι εργάτριες βήχουν.,VSO,V1,plur,m,f,Οι,νοσοκόμοι,οι,εργάτριες,θαυμάζουν,βήχουν.,[1],"[2, 3, 4, 5]",6,[8],[9],[7],"[10, 11, 12, 13]",['ÎŁÎ¹'],"['ĠÎ½Î¿', 'ÏĥÎ¿', 'ÎºÏĮ', 'Î¼Î¿Î¹']",ĠÏĢÎ¿Ïħ,['Î¶Î¿ÏħÎ½'],['ĠÎ¿Î¹'],['ĠÎ¸Î±ÏħÎ¼Î¬'],"['ĠÎµÏģÎ³Î¬', 'ÏĦÏģÎ¹ÎµÏĤ', 'ĠÎ²Î®', 'ÏĩÎ¿ÏħÎ½']",1,4,1,1,1,4
7,Ο φοιτητής που συμπαθεί ο σχεδιαστής κλαίει.,VSO,V2,sing,m,m,Ο,φοιτητής,ο,σχεδιαστής,συμπαθεί,κλαίει.,[1],[2],3,[5],[6],[4],"[7, 8, 9, 10, 11]",['ÎŁ'],['ĠÏĨÎ¿Î¹ÏĦÎ·ÏĦÎ®ÏĤ'],ĠÏĢÎ¿Ïħ,['Î¸ÎµÎ¯'],['ĠÎ¿'],['ĠÏĥÏħÎ¼ÏĢÎ±'],"['ĠÏĥÏĩÎµÎ´Î¹Î±', 'ÏĥÏĦÎ®ÏĤ', 'ĠÎºÎ»Î±', 'Î¯', 'ÎµÎ¹']",1,1,1,1,1,5
8,Ο κομμωτής που εκτιμά ο μεταφραστής γελάει.,VSO,V1,sing,m,m,Ο,κομμωτής,ο,μεταφραστής,εκτιμά,γελάει.,[1],"[2, 3, 4, 5]",6,[8],[9],[7],"[10, 11, 12, 13]",['ÎŁ'],"['ĠÎºÎ¿', 'Î¼Î¼', 'Ïī', 'ÏĦÎ®ÏĤ']",ĠÏĢÎ¿Ïħ,['ĠÎ¿'],['ĠÎ¼ÎµÏĦÎ±ÏĨÏģÎ±'],['ĠÎµÎºÏĦÎ¹Î¼Î¬'],"['ÏĥÏĦÎ®ÏĤ', 'ĠÎ³', 'ÎµÎ»Î¬', 'ÎµÎ¹']",1,4,1,1,1,4
9,Οι νοσοκόμοι που οι καθηγήτριες συμπαθούν σκέφτονται.,SVO,V2,plur,m,f,Οι,νοσοκόμοι,οι,καθηγήτριες,συμπαθούν,σκέφτονται.,[1],"[2, 3, 4, 5]",6,[7],[8],[9],"[10, 11, 12, 13, 14]",['ÎŁÎ¹'],"['ĠÎ½Î¿', 'ÏĥÎ¿', 'ÎºÏĮ', 'Î¼Î¿Î¹']",ĠÏĢÎ¿Ïħ,['ĠÎ¿Î¹'],['ĠÎºÎ±Î¸Î·'],['Î³Î®'],"['ÏĦÏģÎ¹ÎµÏĤ', 'ĠÏĥÏħÎ¼ÏĢÎ±', 'Î¸Î¿ÏįÎ½', 'ĠÏĥÎºÎŃÏĨ', 'ÏĦÎ¿Î½ÏĦÎ±Î¹']",1,4,1,1,1,5
10,Οι μεταφράστριες που οι μαθητές γνωρίζουν πονάνε.,SVO,V1,plur,f,m,Οι,μεταφράστριες,οι,μαθητές,γνωρίζουν,πονάνε.,[1],"[2, 3, 4]",5,[6],[7],[8],"[9, 10]",['ÎŁÎ¹'],"['ĠÎ¼ÎµÏĦÎ±ÏĨÏģÎ¬', 'ÏĥÏĦ', 'ÏģÎ¹ÎµÏĤ']",ĠÏĢÎ¿Ïħ,['ĠÎ¿Î¹'],['ĠÎ¼Î±Î¸Î·ÏĦÎŃÏĤ'],['ĠÎ³Î½ÏīÏģÎ¯Î¶Î¿ÏħÎ½'],"['ĠÏĢÎ¿Î½', 'Î¬Î½Îµ']",1,3,1,1,1,2
11,Η καθηγήτρια που συμπαθεί η σχεδιάστρια σκέφτεται.,VSO,V1,sing,f,f,Η,καθηγήτρια,η,σχεδιάστρια,συμπαθεί,σκέφτεται.,[1],[2],3,[5],[6],[4],"[7, 8, 9]",['ÎĹ'],['ĠÎºÎ±Î¸Î·Î³Î®ÏĦÏģÎ¹Î±'],ĠÏĢÎ¿Ïħ,['Î¸ÎµÎ¯'],['ĠÎ·'],['ĠÏĥÏħÎ¼ÏĢÎ±'],"['ĠÏĥÏĩÎµÎ´Î¹Î¬', 'ÏĥÏĦÏģÎ¹Î±', 'ĠÏĥÎºÎŃÏĨÏĦÎµÏĦÎ±Î¹']",1,1,1,1,1,3
12,Οι λογιστές που θαυμάζουν οι νοσοκόμες πονάνε.,VSO,V2,plur,m,f,Οι,λογιστές,οι,νοσοκόμες,θαυμάζουν,πονάνε.,[1],"[2, 3]",4,[6],[7],[5],"[8, 9, 10, 11, 12, 13]",['ÎŁÎ¹'],"['ĠÎ»Î¿Î³', 'Î¹ÏĥÏĦÎŃÏĤ']",ĠÏĢÎ¿Ïħ,['Î¶Î¿ÏħÎ½'],['ĠÎ¿Î¹'],['ĠÎ¸Î±ÏħÎ¼Î¬'],"['ĠÎ½Î¿', 'ÏĥÎ¿', 'ÎºÏĮ', 'Î¼ÎµÏĤ', 'ĠÏĢÎ¿Î½', 'Î¬Î½Îµ']",1,2,1,1,1,6
13,Οι δάσκαλοι που οι εργάτες θαυμάζουν πονάνε.,SVO,V1,plur,m,m,Οι,δάσκαλοι,οι,εργάτες,θαυμάζουν,πονάνε.,[1],"[2, 3]",4,[5],[6],[7],"[8, 9, 10, 11]",['ÎŁÎ¹'],"['ĠÎ´Î¬ÏĥÎºÎ±', 'Î»Î¿Î¹']",ĠÏĢÎ¿Ïħ,['ĠÎ¿Î¹'],['ĠÎµÏģÎ³'],['Î¬ÏĦÎµÏĤ'],"['ĠÎ¸Î±ÏħÎ¼Î¬', 'Î¶Î¿ÏħÎ½', 'ĠÏĢÎ¿Î½', 'Î¬Î½Îµ']",1,2,1,1,1,4
14,Η υποψήφια που εκτιμά ο πωλητής βήχει.,VSO,V1,sing,f,m,Η,υποψήφια,ο,πωλητής,εκτιμά,βήχει.,[1],"[2, 3]",4,[6],[7],[5],"[8, 9, 10, 11]",['ÎĹ'],"['ĠÏħÏĢÎ¿ÏĪÎ®ÏĨ', 'Î¹Î±']",ĠÏĢÎ¿Ïħ,['ĠÎ¿'],['ĠÏĢÏī'],['ĠÎµÎºÏĦÎ¹Î¼Î¬'],"['Î»Î·', 'ÏĦÎ®ÏĤ', 'ĠÎ²Î®', 'ÏĩÎµÎ¹']",1,2,1,1,1,4
15,Ο καθηγητής που μισεί η κομμώτρια πονάει.,VSO,V1,sing,m,f,Ο,καθηγητής,η,κομμώτρια,μισεί,πονάει.,[1],[2],3,[5],[6],[4],"[7, 8, 9, 10, 11, 12]",['ÎŁ'],['ĠÎºÎ±Î¸Î·Î³Î·ÏĦÎ®ÏĤ'],ĠÏĢÎ¿Ïħ,['ÎµÎ¯'],['ĠÎ·'],['ĠÎ¼Î¹Ïĥ'],"['ĠÎºÎ¿', 'Î¼Î¼', 'Ïİ', 'ÏĦÏģÎ¹Î±', 'ĠÏĢÎ¿Î½', 'Î¬ÎµÎ¹']",1,1,1,1,1,6
16,Οι λογίστριες που οι εργάτες μισούν φεύγουν.,SVO,V2,plur,f,m,Οι,λογίστριες,οι,εργάτες,μισούν,φεύγουν.,[1],"[2, 3, 4]",5,[6],[7],[8],"[9, 10, 11, 12]",['ÎŁÎ¹'],"['ĠÎ»Î¿Î³', 'Î¯ÏĥÏĦ', 'ÏģÎ¹ÎµÏĤ']",ĠÏĢÎ¿Ïħ,['ĠÎ¿Î¹'],['ĠÎµÏģÎ³'],['Î¬ÏĦÎµÏĤ'],"['ĠÎ¼Î¹Ïĥ', 'Î¿ÏįÎ½', 'ĠÏĨÎµÏį', 'Î³Î¿ÏħÎ½']",1,3,1,1,1,4
17,Η χορεύτρια που ο υποψήφιος συμπαθεί βήχει.,SVO,V1,sing,f,m,Η,χορεύτρια,ο,υποψήφιος,συμπαθεί,βήχει.,[1],"[2, 3, 4]",5,[6],[7],[8],"[9, 10, 11]",['ÎĹ'],"['ĠÏĩÎ¿Ïģ', 'ÎµÏį', 'ÏĦÏģÎ¹Î±']",ĠÏĢÎ¿Ïħ,['ĠÎ¿'],['ĠÏħÏĢÎ¿ÏĪÎ®ÏĨÎ¹Î¿ÏĤ'],['ĠÏĥÏħÎ¼ÏĢÎ±'],"['Î¸ÎµÎ¯', 'ĠÎ²Î®', 'ÏĩÎµÎ¹']",1,3,1,1,1,3
18,Ο φοιτητής που ο λογιστής αγαπάει κλαίει.,SVO,V1,sing,m,m,Ο,φοιτητής,ο,λογιστής,αγαπάει,κλαίει.,[1],[2],3,[4],[5],[6],"[7, 8, 9, 10, 11]",['ÎŁ'],['ĠÏĨÎ¿Î¹ÏĦÎ·ÏĦÎ®ÏĤ'],ĠÏĢÎ¿Ïħ,['ĠÎ¿'],['ĠÎ»Î¿Î³'],['Î¹ÏĥÏĦÎ®ÏĤ'],"['ĠÎ±Î³Î±ÏĢÎ¬', 'ÎµÎ¹', 'ĠÎºÎ»Î±', 'Î¯', 'ÎµÎ¹']",1,1,1,1,1,5
19,Οι φοιτητές που γνωρίζουν οι εργάτες γελάνε.,VSO,V2,plur,m,m,Οι,φοιτητές,οι,εργάτες,γνωρίζουν,γελάνε.,[1],[2],3,[5],[6],[4],"[7, 8, 9, 10]",['ÎŁÎ¹'],['ĠÏĨÎ¿Î¹ÏĦÎ·ÏĦÎŃÏĤ'],ĠÏĢÎ¿Ïħ,['ĠÎ¿Î¹'],['ĠÎµÏģÎ³'],['ĠÎ³Î½ÏīÏģÎ¯Î¶Î¿ÏħÎ½'],"['Î¬ÏĦÎµÏĤ', 'ĠÎ³', 'ÎµÎ»', 'Î¬Î½Îµ']",1,1,1,1,1,4
20,Οι σχεδιάστριες που συμπαθούν οι αθλητες βήχουν.,VSO,V1,plur,f,m,Οι,σχεδιάστριες,οι,αθλητες,συμπαθούν,βήχουν.,[1],"[2, 3, 4]",5,[7],[8],[6],"[9, 10, 11, 12]",['ÎŁÎ¹'],"['ĠÏĥÏĩÎµÎ´Î¹Î¬', 'ÏĥÏĦ', 'ÏģÎ¹ÎµÏĤ']",ĠÏĢÎ¿Ïħ,['Î¸Î¿ÏįÎ½'],['ĠÎ¿Î¹'],['ĠÏĥÏħÎ¼ÏĢÎ±'],"['ĠÎ±Î¸Î»Î·', 'ÏĦÎµÏĤ', 'ĠÎ²Î®', 'ÏĩÎ¿ÏħÎ½']",1,3,1,1,1,4
21,Ο αθλητής που ο φοιτητής αντιπαθεί πονάει.,SVO,V2,sing,m,m,Ο,αθλητής,ο,φοιτητής,αντιπαθεί,πονάει.,[1],"[2, 3]",4,[5],[6],[7],"[8, 9, 10, 11]",['ÎŁ'],"['ĠÎ±Î¸Î»Î·', 'ÏĦÎ®ÏĤ']",ĠÏĢÎ¿Ïħ,['ĠÎ¿'],['ĠÏĨÎ¿Î¹ÏĦÎ·ÏĦÎ®ÏĤ'],['ĠÎ±Î½ÏĦÎ¹'],"['ÏĢÎ±', 'Î¸ÎµÎ¯', 'ĠÏĢÎ¿Î½', 'Î¬ÎµÎ¹']",1,2,1,1,1,4
22,Η νοσοκόμα που μισεί ο χορευτής βήχει.,VSO,V2,sing,f,m,Η,νοσοκόμα,ο,χορευτής,μισεί,βήχει.,[1],"[2, 3, 4]",5,[7],[8],[6],"[9, 10, 11, 12]",['ÎĹ'],"['ĠÎ½Î¿', 'ÏĥÎ¿', 'ÎºÏĮÎ¼Î±']",ĠÏĢÎ¿Ïħ,['ÎµÎ¯'],['ĠÎ¿'],['ĠÎ¼Î¹Ïĥ'],"['ĠÏĩÎ¿ÏģÎµÏħ', 'ÏĦÎ®ÏĤ', 'ĠÎ²Î®', 'ÏĩÎµÎ¹']",1,3,1,1,1,4
23,Οι μαγείρισσες που θαυμάζουν οι αθλητες πονάνε.,VSO,V2,plur,f,m,Οι,μαγείρισσες,οι,αθλητες,θαυμάζουν,πονάνε.,[1],"[2, 3, 4, 5]",6,[8],[9],[7],"[10, 11, 12, 13]",['ÎŁÎ¹'],"['ĠÎ¼Î±Î³', 'ÎµÎ¯', 'ÏģÎ¹', 'ÏĥÏĥÎµÏĤ']",ĠÏĢÎ¿Ïħ,['Î¶Î¿ÏħÎ½'],['ĠÎ¿Î¹'],['ĠÎ¸Î±ÏħÎ¼Î¬'],"['ĠÎ±Î¸Î»Î·', 'ÏĦÎµÏĤ', 'ĠÏĢÎ¿Î½', 'Î¬Î½Îµ']",1,4,1,1,1,4
24,Η γυμνάστρια που συμπαθεί η καθηγήτρια σκέφτεται.,VSO,V2,sing,f,f,Η,γυμνάστρια,η,καθηγήτρια,συμπαθεί,σκέφτεται.,[1],"[2, 3, 4]",5,[7],[8],[6],"[9, 10]",['ÎĹ'],"['ĠÎ³ÏħÎ¼', 'Î½Î¬', 'ÏĥÏĦÏģÎ¹Î±']",ĠÏĢÎ¿Ïħ,['Î¸ÎµÎ¯'],['ĠÎ·'],['ĠÏĥÏħÎ¼ÏĢÎ±'],"['ĠÎºÎ±Î¸Î·Î³Î®ÏĦÏģÎ¹Î±', 'ĠÏĥÎºÎŃÏĨÏĦÎµÏĦÎ±Î¹']",1,3,1,1,1,2
25,Η μαθήτρια που η μαγείρισσα αντιπαθεί γελάει.,SVO,V1,sing,f,f,Η,μαθήτρια,η,μαγείρισσα,αντιπαθεί,γελάει.,[1],"[2, 3]",4,[5],[6],[7],"[8, 9, 10, 11, 12, 13, 14, 15]",['ÎĹ'],"['ĠÎ¼Î±Î¸Î®', 'ÏĦÏģÎ¹Î±']",ĠÏĢÎ¿Ïħ,['ĠÎ·'],['ĠÎ¼Î±Î³'],['ÎµÎ¯'],"['ÏģÎ¹Ïĥ', 'ÏĥÎ±', 'ĠÎ±Î½ÏĦÎ¹', 'ÏĢÎ±', 'Î¸ÎµÎ¯', 'ĠÎ³', 'ÎµÎ»Î¬', 'ÎµÎ¹']",1,2,1,1,1,8
26,Ο υποψήφιος που θαυμάζει η σχεδιάστρια γελάει.,VSO,V2,sing,m,f,Ο,υποψήφιος,η,σχεδιάστρια,θαυμάζει,γελάει.,[1],[2],3,[5],[6],[4],"[7, 8, 9, 10, 11]",['ÎŁ'],['ĠÏħÏĢÎ¿ÏĪÎ®ÏĨÎ¹Î¿ÏĤ'],ĠÏĢÎ¿Ïħ,['Î¶ÎµÎ¹'],['ĠÎ·'],['ĠÎ¸Î±ÏħÎ¼Î¬'],"['ĠÏĥÏĩÎµÎ´Î¹Î¬', 'ÏĥÏĦÏģÎ¹Î±', 'ĠÎ³', 'ÎµÎ»Î¬', 'ÎµÎ¹']",1,1,1,1,1,5
27,Οι κομμώτριες που οι λογίστριες αγαπούν γελάνε.,SVO,V2,plur,f,f,Οι,κομμώτριες,οι,λογίστριες,αγαπούν,γελάνε.,[1],"[2, 3, 4, 5]",6,[7],[8],[9],"[10, 11, 12, 13, 14, 15]",['ÎŁÎ¹'],"['ĠÎºÎ¿', 'Î¼Î¼', 'Ïİ', 'ÏĦÏģÎ¹ÎµÏĤ']",ĠÏĢÎ¿Ïħ,['ĠÎ¿Î¹'],['ĠÎ»Î¿Î³'],['Î¯ÏĥÏĦ'],"['ÏģÎ¹ÎµÏĤ', 'ĠÎ±Î³Î±', 'ÏĢÎ¿ÏįÎ½', 'ĠÎ³', 'ÎµÎ»', 'Î¬Î½Îµ']",1,4,1,1,1,6
28,Οι υποψήφιες που οι σχεδιάστριες αντιπαθούν φεύγουν.,SVO,V1,plur,f,f,Οι,υποψήφιες,οι,σχεδιάστριες,αντιπαθούν,φεύγουν.,[1],"[2, 3]",4,[5],[6],[7],"[8, 9, 10, 11, 12, 13]",['ÎŁÎ¹'],"['ĠÏħÏĢÎ¿ÏĪÎ®ÏĨÎ¹', 'ÎµÏĤ']",ĠÏĢÎ¿Ïħ,['ĠÎ¿Î¹'],['ĠÏĥÏĩÎµÎ´Î¹Î¬'],['ÏĥÏĦ'],"['ÏģÎ¹ÎµÏĤ', 'ĠÎ±Î½ÏĦÎ¹', 'ÏĢÎ±', 'Î¸Î¿ÏįÎ½', 'ĠÏĨÎµÏį', 'Î³Î¿ÏħÎ½']",1,2,1,1,1,6
29,Ο γυμναστής που η σχεδιάστρια αγαπάει σκέφτεται.,SVO,V2,sing,m,f,Ο,γυμναστής,η,σχεδιάστρια,αγαπάει,σκέφτεται.,[1],"[2, 3]",4,[5],[6],[7],"[8, 9, 10]",['ÎŁ'],"['ĠÎ³ÏħÎ¼Î½Î±', 'ÏĥÏĦÎ®ÏĤ']",ĠÏĢÎ¿Ïħ,['ĠÎ·'],['ĠÏĥÏĩÎµÎ´Î¹Î¬'],['ÏĥÏĦÏģÎ¹Î±'],"['ĠÎ±Î³Î±ÏĢÎ¬', 'ÎµÎ¹', 'ĠÏĥÎºÎŃÏĨÏĦÎµÏĦÎ±Î¹']",1,2,1,1,1,3
30,Οι μαθητές που αντιπαθούν οι νοσοκόμοι σκέφτονται.,VSO,V1,plur,m,m,Οι,μαθητές,οι,νοσοκόμοι,αντιπαθούν,σκέφτονται.,[1],[2],3,[5],[6],[4],"[7, 8, 9, 10, 11, 12, 13]",['ÎŁÎ¹'],['ĠÎ¼Î±Î¸Î·ÏĦÎŃÏĤ'],ĠÏĢÎ¿Ïħ,['ÏĢÎ±'],['Î¸Î¿ÏįÎ½'],['ĠÎ±Î½ÏĦÎ¹'],"['ĠÎ¿Î¹', 'ĠÎ½Î¿', 'ÏĥÎ¿', 'ÎºÏĮ', 'Î¼Î¿Î¹', 'ĠÏĥÎºÎŃÏĨ', 'ÏĦÎ¿Î½ÏĦÎ±Î¹']",1,1,1,1,1,7
31,Οι πωλητές που οι εργάτριες συμπαθούν φεύγουν.,SVO,V1,plur,m,f,Οι,πωλητές,οι,εργάτριες,συμπαθούν,φεύγουν.,[1],"[2, 3]",4,[5],[6],[7],"[8, 9, 10, 11]",['ÎŁÎ¹'],"['ĠÏĢÏī', 'Î»Î·ÏĦÎŃÏĤ']",ĠÏĢÎ¿Ïħ,['ĠÎ¿Î¹'],['ĠÎµÏģÎ³Î¬'],['ÏĦÏģÎ¹ÎµÏĤ'],"['ĠÏĥÏħÎ¼ÏĢÎ±', 'Î¸Î¿ÏįÎ½', 'ĠÏĨÎµÏį', 'Î³Î¿ÏħÎ½']",1,2,1,1,1,4
32,Ο υποψήφιος που ο καθηγητής μισεί κλαίει.,SVO,V2,sing,m,m,Ο,υποψήφιος,ο,καθηγητής,μισεί,κλαίει.,[1],[2],3,[4],[5],[6],"[7, 8, 9, 10]",['ÎŁ'],['ĠÏħÏĢÎ¿ÏĪÎ®ÏĨÎ¹Î¿ÏĤ'],ĠÏĢÎ¿Ïħ,['ĠÎ¿'],['ĠÎºÎ±Î¸Î·Î³Î·ÏĦÎ®ÏĤ'],['ĠÎ¼Î¹Ïĥ'],"['ÎµÎ¯', 'ĠÎºÎ»Î±', 'Î¯', 'ÎµÎ¹']",1,1,1,1,1,4
33,Ο αθλητής που η μεταφράστρια θαυμάζει γελάει.,SVO,V1,sing,m,f,Ο,αθλητής,η,μεταφράστρια,θαυμάζει,γελάει.,[1],"[2, 3]",4,[5],[6],[7],"[8, 9, 10, 11, 12]",['ÎŁ'],"['ĠÎ±Î¸Î»Î·', 'ÏĦÎ®ÏĤ']",ĠÏĢÎ¿Ïħ,['ĠÎ·'],['ĠÎ¼ÎµÏĦÎ±ÏĨÏģÎ¬'],['ÏĥÏĦÏģÎ¹Î±'],"['ĠÎ¸Î±ÏħÎ¼Î¬', 'Î¶ÎµÎ¹', 'ĠÎ³', 'ÎµÎ»Î¬', 'ÎµÎ¹']",1,2,1,1,1,5
34,Η υποψήφια που μισεί ο νοσοκόμος φεύγει.,VSO,V1,sing,f,m,Η,υποψήφια,ο,νοσοκόμος,μισεί,φεύγει.,[1],"[2, 3]",4,[6],[7],[5],"[8, 9, 10, 11, 12]",['ÎĹ'],"['ĠÏħÏĢÎ¿ÏĪÎ®ÏĨ', 'Î¹Î±']",ĠÏĢÎ¿Ïħ,['ÎµÎ¯'],['ĠÎ¿'],['ĠÎ¼Î¹Ïĥ'],"['ĠÎ½Î¿', 'ÏĥÎ¿', 'ÎºÏĮ', 'Î¼Î¿ÏĤ', 'ĠÏĨÎµÏįÎ³ÎµÎ¹']",1,2,1,1,1,5
35,Οι υποψήφιοι που οι μάγειρες αγαπούν πονάνε.,SVO,V2,plur,m,m,Οι,υποψήφιοι,οι,μάγειρες,αγαπούν,πονάνε.,[1],[2],3,[4],[5],[6],"[7, 8, 9, 10, 11]",['ÎŁÎ¹'],['ĠÏħÏĢÎ¿ÏĪÎ®ÏĨÎ¹Î¿Î¹'],ĠÏĢÎ¿Ïħ,['ĠÎ¿Î¹'],['ĠÎ¼Î¬'],['Î³ÎµÎ¹'],"['ÏģÎµÏĤ', 'ĠÎ±Î³Î±', 'ÏĢÎ¿ÏįÎ½', 'ĠÏĢÎ¿Î½', 'Î¬Î½Îµ']",1,1,1,1,1,5
36,Οι φοιτήτριες που εκτιμούν οι λογίστριες κλαίνε.,VSO,V2,plur,f,f,Οι,φοιτήτριες,οι,λογίστριες,εκτιμούν,κλαίνε.,[1],"[2, 3, 4]",5,[7],[8],[6],"[9, 10, 11, 12]",['ÎŁÎ¹'],"['ĠÏĨÎ¿Î¹', 'ÏĦÎ®', 'ÏĦÏģÎ¹ÎµÏĤ']",ĠÏĢÎ¿Ïħ,['ĠÎ¿Î¹'],['ĠÎ»Î¿Î³'],['ĠÎµÎºÏĦÎ¹Î¼Î¿ÏįÎ½'],"['Î¯ÏĥÏĦ', 'ÏģÎ¹ÎµÏĤ', 'ĠÎºÎ»Î±', 'Î¯Î½Îµ']",1,3,1,1,1,4
37,Οι αθλήτριες που οι χορευτές αγαπούν πονάνε.,SVO,V1,plur,f,m,Οι,αθλήτριες,οι,χορευτές,αγαπούν,πονάνε.,[1],"[2, 3]",4,[5],[6],[7],"[8, 9, 10, 11]",['ÎŁÎ¹'],"['ĠÎ±Î¸Î»Î®', 'ÏĦÏģÎ¹ÎµÏĤ']",ĠÏĢÎ¿Ïħ,['ĠÎ¿Î¹'],['ĠÏĩÎ¿ÏģÎµÏħ'],['ÏĦÎŃÏĤ'],"['ĠÎ±Î³Î±', 'ÏĢÎ¿ÏįÎ½', 'ĠÏĢÎ¿Î½', 'Î¬Î½Îµ']",1,2,1,1,1,4
38,Ο αθλητής που γνωρίζει η φοιτήτρια γελάει.,VSO,V1,sing,m,f,Ο,αθλητής,η,φοιτήτρια,γνωρίζει,γελάει.,[1],"[2, 3]",4,[6],[7],[5],"[8, 9, 10, 11, 12]",['ÎŁ'],"['ĠÎ±Î¸Î»Î·', 'ÏĦÎ®ÏĤ']",ĠÏĢÎ¿Ïħ,['ĠÎ·'],['ĠÏĨÎ¿Î¹'],['ĠÎ³Î½ÏīÏģÎ¯Î¶ÎµÎ¹'],"['ÏĦÎ®', 'ÏĦÏģÎ¹Î±', 'ĠÎ³', 'ÎµÎ»Î¬', 'ÎµÎ¹']",1,2,1,1,1,5
39,Οι γυμνάστριες που γνωρίζουν οι δάσκαλοι φεύγουν.,VSO,V1,plur,f,m,Οι,γυμνάστριες,οι,δάσκαλοι,γνωρίζουν,φεύγουν.,[1],"[2, 3, 4, 5]",6,[8],[9],[7],"[10, 11, 12]",['ÎŁÎ¹'],"['ĠÎ³ÏħÎ¼', 'Î½Î¬', 'ÏĥÏĦ', 'ÏģÎ¹ÎµÏĤ']",ĠÏĢÎ¿Ïħ,['ĠÎ¿Î¹'],['ĠÎ´Î¬ÏĥÎºÎ±'],['ĠÎ³Î½ÏīÏģÎ¯Î¶Î¿ÏħÎ½'],"['Î»Î¿Î¹', 'ĠÏĨÎµÏį', 'Î³Î¿ÏħÎ½']",1,4,1,1,1,3
40,Η πωλήτρια που η δασκάλα αντιπαθεί σκέφτεται.,SVO,V1,sing,f,f,Η,πωλήτρια,η,δασκάλα,αντιπαθεί,σκέφτεται.,[1],"[2, 3, 4]",5,[6],[7],[8],"[9, 10, 11]",['ÎĹ'],"['ĠÏĢÏī', 'Î»Î®', 'ÏĦÏģÎ¹Î±']",ĠÏĢÎ¿Ïħ,['ĠÎ·'],['ĠÎ´Î±ÏĥÎºÎ¬Î»Î±'],['ĠÎ±Î½ÏĦÎ¹'],"['ÏĢÎ±', 'Î¸ÎµÎ¯', 'ĠÏĥÎºÎŃÏĨÏĦÎµÏĦÎ±Î¹']",1,3,1,1,1,3
41,Οι αθλήτριες που αγαπούν οι γυμναστές πονάνε.,VSO,V2,plur,f,m,Οι,αθλήτριες,οι,γυμναστές,αγαπούν,πονάνε.,[1],"[2, 3]",4,[6],[7],[5],"[8, 9, 10, 11]",['ÎŁÎ¹'],"['ĠÎ±Î¸Î»Î®', 'ÏĦÏģÎ¹ÎµÏĤ']",ĠÏĢÎ¿Ïħ,['ÏĢÎ¿ÏįÎ½'],['ĠÎ¿Î¹'],['ĠÎ±Î³Î±'],"['ĠÎ³ÏħÎ¼Î½Î±', 'ÏĥÏĦÎŃÏĤ', 'ĠÏĢÎ¿Î½', 'Î¬Î½Îµ']",1,2,1,1,1,4
42,Ο χορευτής που ο δάσκαλος αντιπαθεί πονάει.,SVO,V1,sing,m,m,Ο,χορευτής,ο,δάσκαλος,αντιπαθεί,πονάει.,[1],"[2, 3]",4,[5],[6],[7],"[8, 9, 10, 11]",['ÎŁ'],"['ĠÏĩÎ¿ÏģÎµÏħ', 'ÏĦÎ®ÏĤ']",ĠÏĢÎ¿Ïħ,['ĠÎ¿'],['ĠÎ´Î¬ÏĥÎºÎ±Î»Î¿ÏĤ'],['ĠÎ±Î½ÏĦÎ¹'],"['ÏĢÎ±', 'Î¸ÎµÎ¯', 'ĠÏĢÎ¿Î½', 'Î¬ÎµÎ¹']",1,2,1,1,1,4
43,Οι εργάτες που αντιπαθούν οι σχεδιαστές πονάνε.,VSO,V2,plur,m,m,Οι,εργάτες,οι,σχεδιαστές,αντιπαθούν,πονάνε.,[1],"[2, 3]",4,[6],[7],[5],"[8, 9, 10, 11, 12]",['ÎŁÎ¹'],"['ĠÎµÏģÎ³', 'Î¬ÏĦÎµÏĤ']",ĠÏĢÎ¿Ïħ,['ÏĢÎ±'],['Î¸Î¿ÏįÎ½'],['ĠÎ±Î½ÏĦÎ¹'],"['ĠÎ¿Î¹', 'ĠÏĥÏĩÎµÎ´Î¹Î±', 'ÏĥÏĦÎŃÏĤ', 'ĠÏĢÎ¿Î½', 'Î¬Î½Îµ']",1,2,1,1,1,5
44,Οι υποψήφιοι που γνωρίζουν οι σχεδιάστριες σκέφτονται.,VSO,V2,plur,m,f,Οι,υποψήφιοι,οι,σχεδιάστριες,γνωρίζουν,σκέφτονται.,[1],[2],3,[5],[6],[4],"[7, 8, 9, 10]",['ÎŁÎ¹'],['ĠÏħÏĢÎ¿ÏĪÎ®ÏĨÎ¹Î¿Î¹'],ĠÏĢÎ¿Ïħ,['ĠÎ¿Î¹'],['ĠÏĥÏĩÎµÎ´Î¹Î¬'],['ĠÎ³Î½ÏīÏģÎ¯Î¶Î¿ÏħÎ½'],"['ÏĥÏĦ', 'ÏģÎ¹ÎµÏĤ', 'ĠÏĥÎºÎŃÏĨ', 'ÏĦÎ¿Î½ÏĦÎ±Î¹']",1,1,1,1,1,4
45,Η αθλήτρια που θαυμάζει ο φοιτητής γελάει.,VSO,V2,sing,f,m,Η,αθλήτρια,ο,φοιτητής,θαυμάζει,γελάει.,[1],"[2, 3]",4,[6],[7],[5],"[8, 9, 10, 11]",['ÎĹ'],"['ĠÎ±Î¸Î»Î®', 'ÏĦÏģÎ¹Î±']",ĠÏĢÎ¿Ïħ,['Î¶ÎµÎ¹'],['ĠÎ¿'],['ĠÎ¸Î±ÏħÎ¼Î¬'],"['ĠÏĨÎ¿Î¹ÏĦÎ·ÏĦÎ®ÏĤ', 'ĠÎ³', 'ÎµÎ»Î¬', 'ÎµÎ¹']",1,2,1,1,1,4
46,Ο μάγειρας που θαυμάζει ο νοσοκόμος πονάει.,VSO,V1,sing,m,m,Ο,μάγειρας,ο,νοσοκόμος,θαυμάζει,πονάει.,[1],"[2, 3, 4]",5,[7],[8],[6],"[9, 10, 11, 12, 13, 14]",['ÎŁ'],"['ĠÎ¼Î¬', 'Î³ÎµÎ¹', 'ÏģÎ±ÏĤ']",ĠÏĢÎ¿Ïħ,['Î¶ÎµÎ¹'],['ĠÎ¿'],['ĠÎ¸Î±ÏħÎ¼Î¬'],"['ĠÎ½Î¿', 'ÏĥÎ¿', 'ÎºÏĮ', 'Î¼Î¿ÏĤ', 'ĠÏĢÎ¿Î½', 'Î¬ÎµÎ¹']",1,3,1,1,1,6
47,Οι φοιτητές που οι εργάτες συμπαθούν βήχουν.,SVO,V1,plur,m,m,Οι,φοιτητές,οι,εργάτες,συμπαθούν,βήχουν.,[1],[2],3,[4],[5],[6],"[7, 8, 9, 10]",['ÎŁÎ¹'],['ĠÏĨÎ¿Î¹ÏĦÎ·ÏĦÎŃÏĤ'],ĠÏĢÎ¿Ïħ,['ĠÎ¿Î¹'],['ĠÎµÏģÎ³'],['Î¬ÏĦÎµÏĤ'],"['ĠÏĥÏħÎ¼ÏĢÎ±', 'Î¸Î¿ÏįÎ½', 'ĠÎ²Î®', 'ÏĩÎ¿ÏħÎ½']",1,1,1,1,1,4
48,Η κομμώτρια που ο δάσκαλος εκτιμά γελάει.,SVO,V1,sing,f,m,Η,κομμώτρια,ο,δάσκαλος,εκτιμά,γελάει.,[1],"[2, 3, 4, 5]",6,[7],[8],[9],"[10, 11, 12]",['ÎĹ'],"['ĠÎºÎ¿', 'Î¼Î¼', 'Ïİ', 'ÏĦÏģÎ¹Î±']",ĠÏĢÎ¿Ïħ,['ĠÎ¿'],['ĠÎ´Î¬ÏĥÎºÎ±Î»Î¿ÏĤ'],['ĠÎµÎºÏĦÎ¹Î¼Î¬'],"['ĠÎ³', 'ÎµÎ»Î¬', 'ÎµÎ¹']",1,4,1,1,1,3
49,Η μαγείρισσα που η δασκάλα εκτιμά γελάει.,SVO,V2,sing,f,f,Η,μαγείρισσα,η,δασκάλα,εκτιμά,γελάει.,[1],"[2, 3, 4, 5]",6,[7],[8],[9],"[10, 11, 12]",['ÎĹ'],"['ĠÎ¼Î±Î³', 'ÎµÎ¯', 'ÏģÎ¹Ïĥ', 'ÏĥÎ±']",ĠÏĢÎ¿Ïħ,['ĠÎ·'],['ĠÎ´Î±ÏĥÎºÎ¬Î»Î±'],['ĠÎµÎºÏĦÎ¹Î¼Î¬'],"['ĠÎ³', 'ÎµÎ»Î¬', 'ÎµÎ¹']",1,4,1,1,1,3
50,Οι εργάτριες που οι πωλήτριες αντιπαθούν φεύγουν.,SVO,V1,plur,f,f,Οι,εργάτριες,οι,πωλήτριες,αντιπαθούν,φεύγουν.,[1],"[2, 3]",4,[5],[6],[7],"[8, 9, 10, 11, 12, 13]",['ÎŁÎ¹'],"['ĠÎµÏģÎ³Î¬', 'ÏĦÏģÎ¹ÎµÏĤ']",ĠÏĢÎ¿Ïħ,['ĠÎ¿Î¹'],['ĠÏĢÏī'],['Î»Î®'],"['ÏĦÏģÎ¹ÎµÏĤ', 'ĠÎ±Î½ÏĦÎ¹', 'ÏĢÎ±', 'Î¸Î¿ÏįÎ½', 'ĠÏĨÎµÏį', 'Î³Î¿ÏħÎ½']",1,2,1,1,1,6
51,Η σχεδιάστρια που θαυμάζει η καθηγήτρια γελάει.,VSO,V1,sing,f,f,Η,σχεδιάστρια,η,καθηγήτρια,θαυμάζει,γελάει.,[1],"[2, 3]",4,[6],[7],[5],"[8, 9, 10, 11]",['ÎĹ'],"['ĠÏĥÏĩÎµÎ´Î¹Î¬', 'ÏĥÏĦÏģÎ¹Î±']",ĠÏĢÎ¿Ïħ,['Î¶ÎµÎ¹'],['ĠÎ·'],['ĠÎ¸Î±ÏħÎ¼Î¬'],"['ĠÎºÎ±Î¸Î·Î³Î®ÏĦÏģÎ¹Î±', 'ĠÎ³', 'ÎµÎ»Î¬', 'ÎµÎ¹']",1,2,1,1,1,4
52,Οι σχεδιάστριες που οι λογίστριες γνωρίζουν πονάνε.,SVO,V2,plur,f,f,Οι,σχεδιάστριες,οι,λογίστριες,γνωρίζουν,πονάνε.,[1],"[2, 3, 4]",5,[6],[7],[8],"[9, 10, 11, 12]",['ÎŁÎ¹'],"['ĠÏĥÏĩÎµÎ´Î¹Î¬', 'ÏĥÏĦ', 'ÏģÎ¹ÎµÏĤ']",ĠÏĢÎ¿Ïħ,['ĠÎ¿Î¹'],['ĠÎ»Î¿Î³'],['Î¯ÏĥÏĦ'],"['ÏģÎ¹ÎµÏĤ', 'ĠÎ³Î½ÏīÏģÎ¯Î¶Î¿ÏħÎ½', 'ĠÏĢÎ¿Î½', 'Î¬Î½Îµ']",1,3,1,1,1,4
53,Οι μάγειρες που αγαπούν οι σχεδιάστριες κλαίνε.,VSO,V1,plur,m,f,Οι,μάγειρες,οι,σχεδιάστριες,αγαπούν,κλαίνε.,[1],"[2, 3, 4]",5,[7],[8],[6],"[9, 10, 11, 12, 13]",['ÎŁÎ¹'],"['ĠÎ¼Î¬', 'Î³ÎµÎ¹', 'ÏģÎµÏĤ']",ĠÏĢÎ¿Ïħ,['ÏĢÎ¿ÏįÎ½'],['ĠÎ¿Î¹'],['ĠÎ±Î³Î±'],"['ĠÏĥÏĩÎµÎ´Î¹Î¬', 'ÏĥÏĦ', 'ÏģÎ¹ÎµÏĤ', 'ĠÎºÎ»Î±', 'Î¯Î½Îµ']",1,3,1,1,1,5
54,Ο χορευτής που γνωρίζει ο κομμωτής σκέφτεται.,VSO,V2,sing,m,m,Ο,χορευτής,ο,κομμωτής,γνωρίζει,σκέφτεται.,[1],"[2, 3]",4,[6],[7],[5],"[8, 9, 10, 11]",['ÎŁ'],"['ĠÏĩÎ¿ÏģÎµÏħ', 'ÏĦÎ®ÏĤ']",ĠÏĢÎ¿Ïħ,['ĠÎ¿'],['ĠÎºÎ¿'],['ĠÎ³Î½ÏīÏģÎ¯Î¶ÎµÎ¹'],"['Î¼Î¼', 'Ïī', 'ÏĦÎ®ÏĤ', 'ĠÏĥÎºÎŃÏĨÏĦÎµÏĦÎ±Î¹']",1,2,1,1,1,4
55,Ο λογιστής που μισεί η πωλήτρια φεύγει.,VSO,V2,sing,m,f,Ο,λογιστής,η,πωλήτρια,μισεί,φεύγει.,[1],"[2, 3]",4,[6],[7],[5],"[8, 9, 10, 11]",['ÎŁ'],"['ĠÎ»Î¿Î³', 'Î¹ÏĥÏĦÎ®ÏĤ']",ĠÏĢÎ¿Ïħ,['ÎµÎ¯'],['ĠÎ·'],['ĠÎ¼Î¹Ïĥ'],"['ĠÏĢÏī', 'Î»Î®', 'ÏĦÏģÎ¹Î±', 'ĠÏĨÎµÏįÎ³ÎµÎ¹']",1,2,1,1,1,4
56,Οι φοιτήτριες που οι εργάτες γνωρίζουν φεύγουν.,SVO,V2,plur,f,m,Οι,φοιτήτριες,οι,εργάτες,γνωρίζουν,φεύγουν.,[1],"[2, 3, 4]",5,[6],[7],[8],"[9, 10, 11]",['ÎŁÎ¹'],"['ĠÏĨÎ¿Î¹', 'ÏĦÎ®', 'ÏĦÏģÎ¹ÎµÏĤ']",ĠÏĢÎ¿Ïħ,['ĠÎ¿Î¹'],['ĠÎµÏģÎ³'],['Î¬ÏĦÎµÏĤ'],"['ĠÎ³Î½ÏīÏģÎ¯Î¶Î¿ÏħÎ½', 'ĠÏĨÎµÏį', 'Î³Î¿ÏħÎ½']",1,3,1,1,1,3
57,Οι μάγειρες που οι εργάτριες αντιπαθούν γελάνε.,SVO,V1,plur,m,f,Οι,μάγειρες,οι,εργάτριες,αντιπαθούν,γελάνε.,[1],"[2, 3, 4]",5,[6],[7],[8],"[9, 10, 11, 12, 13, 14]",['ÎŁÎ¹'],"['ĠÎ¼Î¬', 'Î³ÎµÎ¹', 'ÏģÎµÏĤ']",ĠÏĢÎ¿Ïħ,['ĠÎ¿Î¹'],['ĠÎµÏģÎ³Î¬'],['ÏĦÏģÎ¹ÎµÏĤ'],"['ĠÎ±Î½ÏĦÎ¹', 'ÏĢÎ±', 'Î¸Î¿ÏįÎ½', 'ĠÎ³', 'ÎµÎ»', 'Î¬Î½Îµ']",1,3,1,1,1,6
58,Ο αθλητής που η λογίστρια συμπαθεί κλαίει.,SVO,V2,sing,m,f,Ο,αθλητής,η,λογίστρια,συμπαθεί,κλαίει.,[1],"[2, 3]",4,[5],[6],[7],"[8, 9, 10, 11, 12]",['ÎŁ'],"['ĠÎ±Î¸Î»Î·', 'ÏĦÎ®ÏĤ']",ĠÏĢÎ¿Ïħ,['ĠÎ·'],['ĠÎ»Î¿Î³'],['Î¯ÏĥÏĦÏģÎ¹Î±'],"['ĠÏĥÏħÎ¼ÏĢÎ±', 'Î¸ÎµÎ¯', 'ĠÎºÎ»Î±', 'Î¯', 'ÎµÎ¹']",1,2,1,1,1,5
59,Η υποψήφια που γνωρίζει η μαγείρισσα σκέφτεται.,VSO,V2,sing,f,f,Η,υποψήφια,η,μαγείρισσα,γνωρίζει,σκέφτεται.,[1],"[2, 3]",4,[6],[7],[5],"[8, 9, 10, 11]",['ÎĹ'],"['ĠÏħÏĢÎ¿ÏĪÎ®ÏĨ', 'Î¹Î±']",ĠÏĢÎ¿Ïħ,['ĠÎ·'],['ĠÎ¼Î±Î³'],['ĠÎ³Î½ÏīÏģÎ¯Î¶ÎµÎ¹'],"['ÎµÎ¯', 'ÏģÎ¹Ïĥ', 'ÏĥÎ±', 'ĠÏĥÎºÎŃÏĨÏĦÎµÏĦÎ±Î¹']",1,2,1,1,1,4
60,Η μεταφράστρια που ο δάσκαλος μισεί κλαίει.,SVO,V2,sing,f,m,Η,μεταφράστρια,ο,δάσκαλος,μισεί,κλαίει.,[1],"[2, 3]",4,[5],[6],[7],"[8, 9, 10, 11]",['ÎĹ'],"['ĠÎ¼ÎµÏĦÎ±ÏĨÏģÎ¬', 'ÏĥÏĦÏģÎ¹Î±']",ĠÏĢÎ¿Ïħ,['ĠÎ¿'],['ĠÎ´Î¬ÏĥÎºÎ±Î»Î¿ÏĤ'],['ĠÎ¼Î¹Ïĥ'],"['ÎµÎ¯', 'ĠÎºÎ»Î±', 'Î¯', 'ÎµÎ¹']",1,2,1,1,1,4
61,Οι γυμναστές που γνωρίζουν οι μάγειρες σκέφτονται.,VSO,V1,plur,m,m,Οι,γυμναστές,οι,μάγειρες,γνωρίζουν,σκέφτονται.,[1],"[2, 3]",4,[6],[7],[5],"[8, 9, 10, 11]",['ÎŁÎ¹'],"['ĠÎ³ÏħÎ¼Î½Î±', 'ÏĥÏĦÎŃÏĤ']",ĠÏĢÎ¿Ïħ,['ĠÎ¿Î¹'],['ĠÎ¼Î¬'],['ĠÎ³Î½ÏīÏģÎ¯Î¶Î¿ÏħÎ½'],"['Î³ÎµÎ¹', 'ÏģÎµÏĤ', 'ĠÏĥÎºÎŃÏĨ', 'ÏĦÎ¿Î½ÏĦÎ±Î¹']",1,2,1,1,1,4
62,Οι φοιτητές που οι σχεδιάστριες θαυμάζουν φεύγουν.,SVO,V2,plur,m,f,Οι,φοιτητές,οι,σχεδιάστριες,θαυμάζουν,φεύγουν.,[1],[2],3,[4],[5],[6],"[7, 8, 9, 10, 11]",['ÎŁÎ¹'],['ĠÏĨÎ¿Î¹ÏĦÎ·ÏĦÎŃÏĤ'],ĠÏĢÎ¿Ïħ,['ĠÎ¿Î¹'],['ĠÏĥÏĩÎµÎ´Î¹Î¬'],['ÏĥÏĦ'],"['ÏģÎ¹ÎµÏĤ', 'ĠÎ¸Î±ÏħÎ¼Î¬', 'Î¶Î¿ÏħÎ½', 'ĠÏĨÎµÏį', 'Î³Î¿ÏħÎ½']",1,1,1,1,1,5
63,Οι σχεδιάστριες που αντιπαθούν οι νοσοκόμες σκέφτονται.,VSO,V1,plur,f,f,Οι,σχεδιάστριες,οι,νοσοκόμες,αντιπαθούν,σκέφτονται.,[1],"[2, 3, 4]",5,[7],[8],[6],"[9, 10, 11, 12, 13, 14, 15]",['ÎŁÎ¹'],"['ĠÏĥÏĩÎµÎ´Î¹Î¬', 'ÏĥÏĦ', 'ÏģÎ¹ÎµÏĤ']",ĠÏĢÎ¿Ïħ,['ÏĢÎ±'],['Î¸Î¿ÏįÎ½'],['ĠÎ±Î½ÏĦÎ¹'],"['ĠÎ¿Î¹', 'ĠÎ½Î¿', 'ÏĥÎ¿', 'ÎºÏĮ', 'Î¼ÎµÏĤ', 'ĠÏĥÎºÎŃÏĨ', 'ÏĦÎ¿Î½ÏĦÎ±Î¹']",1,3,1,1,1,7
64,Ο σχεδιαστής που θαυμάζει ο αθλητής βήχει.,VSO,V2,sing,m,m,Ο,σχεδιαστής,ο,αθλητής,θαυμάζει,βήχει.,[1],"[2, 3]",4,[6],[7],[5],"[8, 9, 10, 11]",['ÎŁ'],"['ĠÏĥÏĩÎµÎ´Î¹Î±', 'ÏĥÏĦÎ®ÏĤ']",ĠÏĢÎ¿Ïħ,['Î¶ÎµÎ¹'],['ĠÎ¿'],['ĠÎ¸Î±ÏħÎ¼Î¬'],"['ĠÎ±Î¸Î»Î·', 'ÏĦÎ®ÏĤ', 'ĠÎ²Î®', 'ÏĩÎµÎ¹']",1,2,1,1,1,4
65,Η χορεύτρια που ο μάγειρας γνωρίζει φεύγει.,SVO,V1,sing,f,m,Η,χορεύτρια,ο,μάγειρας,γνωρίζει,φεύγει.,[1],"[2, 3, 4]",5,[6],[7],[8],"[9, 10, 11]",['ÎĹ'],"['ĠÏĩÎ¿Ïģ', 'ÎµÏį', 'ÏĦÏģÎ¹Î±']",ĠÏĢÎ¿Ïħ,['ĠÎ¿'],['ĠÎ¼Î¬'],['Î³ÎµÎ¹'],"['ÏģÎ±ÏĤ', 'ĠÎ³Î½ÏīÏģÎ¯Î¶ÎµÎ¹', 'ĠÏĨÎµÏįÎ³ÎµÎ¹']",1,3,1,1,1,3
66,Ο μεταφραστής που ο δάσκαλος αντιπαθεί σκέφτεται.,SVO,V2,sing,m,m,Ο,μεταφραστής,ο,δάσκαλος,αντιπαθεί,σκέφτεται.,[1],"[2, 3]",4,[5],[6],[7],"[8, 9, 10]",['ÎŁ'],"['ĠÎ¼ÎµÏĦÎ±ÏĨÏģÎ±', 'ÏĥÏĦÎ®ÏĤ']",ĠÏĢÎ¿Ïħ,['ĠÎ¿'],['ĠÎ´Î¬ÏĥÎºÎ±Î»Î¿ÏĤ'],['ĠÎ±Î½ÏĦÎ¹'],"['ÏĢÎ±', 'Î¸ÎµÎ¯', 'ĠÏĥÎºÎŃÏĨÏĦÎµÏĦÎ±Î¹']",1,2,1,1,1,3
67,Οι μεταφράστριες που συμπαθούν οι μάγειρες πονάνε.,VSO,V2,plur,f,m,Οι,μεταφράστριες,οι,μάγειρες,συμπαθούν,πονάνε.,[1],"[2, 3, 4]",5,[7],[8],[6],"[9, 10, 11, 12, 13]",['ÎŁÎ¹'],"['ĠÎ¼ÎµÏĦÎ±ÏĨÏģÎ¬', 'ÏĥÏĦ', 'ÏģÎ¹ÎµÏĤ']",ĠÏĢÎ¿Ïħ,['Î¸Î¿ÏįÎ½'],['ĠÎ¿Î¹'],['ĠÏĥÏħÎ¼ÏĢÎ±'],"['ĠÎ¼Î¬', 'Î³ÎµÎ¹', 'ÏģÎµÏĤ', 'ĠÏĢÎ¿Î½', 'Î¬Î½Îµ']",1,3,1,1,1,5
68,Οι καθηγητές που οι γυμνάστριες μισούν κλαίνε.,SVO,V1,plur,m,f,Οι,καθηγητές,οι,γυμνάστριες,μισούν,κλαίνε.,[1],[2],3,[4],[5],[6],"[7, 8, 9, 10, 11, 12]",['ÎŁÎ¹'],['ĠÎºÎ±Î¸Î·Î³Î·ÏĦÎŃÏĤ'],ĠÏĢÎ¿Ïħ,['ĠÎ¿Î¹'],['ĠÎ³ÏħÎ¼'],['Î½Î¬'],"['ÏĥÏĦ', 'ÏģÎ¹ÎµÏĤ', 'ĠÎ¼Î¹Ïĥ', 'Î¿ÏįÎ½', 'ĠÎºÎ»Î±', 'Î¯Î½Îµ']",1,1,1,1,1,6
69,Ο εργάτης που η κομμώτρια αγαπάει γελάει.,SVO,V2,sing,m,f,Ο,εργάτης,η,κομμώτρια,αγαπάει,γελάει.,[1],"[2, 3]",4,[5],[6],[7],"[8, 9, 10, 11, 12, 13, 14]",['ÎŁ'],"['ĠÎµÏģÎ³Î¬', 'ÏĦÎ·ÏĤ']",ĠÏĢÎ¿Ïħ,['ĠÎ·'],['ĠÎºÎ¿'],['Î¼Î¼'],"['Ïİ', 'ÏĦÏģÎ¹Î±', 'ĠÎ±Î³Î±ÏĢÎ¬', 'ÎµÎ¹', 'ĠÎ³', 'ÎµÎ»Î¬', 'ÎµÎ¹']",1,2,1,1,1,7
70,Οι φοιτήτριες που οι καθηγητές εκτιμούν φεύγουν.,SVO,V2,plur,f,m,Οι,φοιτήτριες,οι,καθηγητές,εκτιμούν,φεύγουν.,[1],"[2, 3, 4]",5,[6],[7],[8],"[9, 10]",['ÎŁÎ¹'],"['ĠÏĨÎ¿Î¹', 'ÏĦÎ®', 'ÏĦÏģÎ¹ÎµÏĤ']",ĠÏĢÎ¿Ïħ,['ĠÎ¿Î¹'],['ĠÎºÎ±Î¸Î·Î³Î·ÏĦÎŃÏĤ'],['ĠÎµÎºÏĦÎ¹Î¼Î¿ÏįÎ½'],"['ĠÏĨÎµÏį', 'Î³Î¿ÏħÎ½']",1,3,1,1,1,2
71,Οι δασκάλες που οι μαθήτριες αγαπούν γελάνε.,SVO,V2,plur,f,f,Οι,δασκάλες,οι,μαθήτριες,αγαπούν,γελάνε.,[1],"[2, 3]",4,[5],[6],[7],"[8, 9, 10, 11, 12]",['ÎŁÎ¹'],"['ĠÎ´Î±ÏĥÎº', 'Î¬Î»ÎµÏĤ']",ĠÏĢÎ¿Ïħ,['ĠÎ¿Î¹'],['ĠÎ¼Î±Î¸Î®'],['ÏĦÏģÎ¹ÎµÏĤ'],"['ĠÎ±Î³Î±', 'ÏĢÎ¿ÏįÎ½', 'ĠÎ³', 'ÎµÎ»', 'Î¬Î½Îµ']",1,2,1,1,1,5
72,Ο αθλητής που ο σχεδιαστής αντιπαθεί πονάει.,SVO,V1,sing,m,m,Ο,αθλητής,ο,σχεδιαστής,αντιπαθεί,πονάει.,[1],"[2, 3]",4,[5],[6],[7],"[8, 9, 10, 11, 12]",['ÎŁ'],"['ĠÎ±Î¸Î»Î·', 'ÏĦÎ®ÏĤ']",ĠÏĢÎ¿Ïħ,['ĠÎ¿'],['ĠÏĥÏĩÎµÎ´Î¹Î±'],['ÏĥÏĦÎ®ÏĤ'],"['ĠÎ±Î½ÏĦÎ¹', 'ÏĢÎ±', 'Î¸ÎµÎ¯', 'ĠÏĢÎ¿Î½', 'Î¬ÎµÎ¹']",1,2,1,1,1,5
73,Οι χορεύτριες που μισούν οι κομμώτριες γελάνε.,VSO,V2,plur,f,f,Οι,χορεύτριες,οι,κομμώτριες,μισούν,γελάνε.,[1],"[2, 3, 4]",5,[7],[8],[6],"[9, 10, 11, 12, 13, 14, 15]",['ÎŁÎ¹'],"['ĠÏĩÎ¿Ïģ', 'ÎµÏį', 'ÏĦÏģÎ¹ÎµÏĤ']",ĠÏĢÎ¿Ïħ,['Î¿ÏįÎ½'],['ĠÎ¿Î¹'],['ĠÎ¼Î¹Ïĥ'],"['ĠÎºÎ¿', 'Î¼Î¼', 'Ïİ', 'ÏĦÏģÎ¹ÎµÏĤ', 'ĠÎ³', 'ÎµÎ»', 'Î¬Î½Îµ']",1,3,1,1,1,7
74,Οι μαθητές που οι πωλήτριες εκτιμούν βήχουν.,SVO,V2,plur,m,f,Οι,μαθητές,οι,πωλήτριες,εκτιμούν,βήχουν.,[1],[2],3,[4],[5],[6],"[7, 8, 9, 10]",['ÎŁÎ¹'],['ĠÎ¼Î±Î¸Î·ÏĦÎŃÏĤ'],ĠÏĢÎ¿Ïħ,['ĠÎ¿Î¹'],['ĠÏĢÏī'],['Î»Î®'],"['ÏĦÏģÎ¹ÎµÏĤ', 'ĠÎµÎºÏĦÎ¹Î¼Î¿ÏįÎ½', 'ĠÎ²Î®', 'ÏĩÎ¿ÏħÎ½']",1,1,1,1,1,4
75,Οι κομμωτές που γνωρίζουν οι λογιστές φεύγουν.,VSO,V2,plur,m,m,Οι,κομμωτές,οι,λογιστές,γνωρίζουν,φεύγουν.,[1],"[2, 3, 4]",5,[7],[8],[6],"[9, 10, 11]",['ÎŁÎ¹'],"['ĠÎºÎ¿', 'Î¼Î¼', 'ÏīÏĦÎŃÏĤ']",ĠÏĢÎ¿Ïħ,['ĠÎ¿Î¹'],['ĠÎ»Î¿Î³'],['ĠÎ³Î½ÏīÏģÎ¯Î¶Î¿ÏħÎ½'],"['Î¹ÏĥÏĦÎŃÏĤ', 'ĠÏĨÎµÏį', 'Î³Î¿ÏħÎ½']",1,3,1,1,1,3
76,Οι αθλητες που οι δάσκαλοι γνωρίζουν σκέφτονται.,SVO,V1,plur,m,m,Οι,αθλητες,οι,δάσκαλοι,γνωρίζουν,σκέφτονται.,[1],"[2, 3]",4,[5],[6],[7],"[8, 9, 10]",['ÎŁÎ¹'],"['ĠÎ±Î¸Î»Î·', 'ÏĦÎµÏĤ']",ĠÏĢÎ¿Ïħ,['ĠÎ¿Î¹'],['ĠÎ´Î¬ÏĥÎºÎ±'],['Î»Î¿Î¹'],"['ĠÎ³Î½ÏīÏģÎ¯Î¶Î¿ÏħÎ½', 'ĠÏĥÎºÎŃÏĨ', 'ÏĦÎ¿Î½ÏĦÎ±Î¹']",1,2,1,1,1,3
77,Ο γυμναστής που γνωρίζει η καθηγήτρια κλαίει.,VSO,V1,sing,m,f,Ο,γυμναστής,η,καθηγήτρια,γνωρίζει,κλαίει.,[1],"[2, 3]",4,[6],[7],[5],"[8, 9, 10]",['ÎŁ'],"['ĠÎ³ÏħÎ¼Î½Î±', 'ÏĥÏĦÎ®ÏĤ']",ĠÏĢÎ¿Ïħ,['ĠÎ·'],['ĠÎºÎ±Î¸Î·Î³Î®ÏĦÏģÎ¹Î±'],['ĠÎ³Î½ÏīÏģÎ¯Î¶ÎµÎ¹'],"['ĠÎºÎ»Î±', 'Î¯', 'ÎµÎ¹']",1,2,1,1,1,3
78,Οι χορευτές που θαυμάζουν οι αθλητες σκέφτονται.,VSO,V1,plur,m,m,Οι,χορευτές,οι,αθλητες,θαυμάζουν,σκέφτονται.,[1],"[2, 3]",4,[6],[7],[5],"[8, 9, 10, 11]",['ÎŁÎ¹'],"['ĠÏĩÎ¿ÏģÎµÏħ', 'ÏĦÎŃÏĤ']",ĠÏĢÎ¿Ïħ,['Î¶Î¿ÏħÎ½'],['ĠÎ¿Î¹'],['ĠÎ¸Î±ÏħÎ¼Î¬'],"['ĠÎ±Î¸Î»Î·', 'ÏĦÎµÏĤ', 'ĠÏĥÎºÎŃÏĨ', 'ÏĦÎ¿Î½ÏĦÎ±Î¹']",1,2,1,1,1,4
79,Οι μαθήτριες που εκτιμούν οι αθλητες πονάνε.,VSO,V1,plur,f,m,Οι,μαθήτριες,οι,αθλητες,εκτιμούν,πονάνε.,[1],"[2, 3]",4,[6],[7],[5],"[8, 9, 10]",['ÎŁÎ¹'],"['ĠÎ¼Î±Î¸Î®', 'ÏĦÏģÎ¹ÎµÏĤ']",ĠÏĢÎ¿Ïħ,['ĠÎ¿Î¹'],['ĠÎ±Î¸Î»Î·'],['ĠÎµÎºÏĦÎ¹Î¼Î¿ÏįÎ½'],"['ÏĦÎµÏĤ', 'ĠÏĢÎ¿Î½', 'Î¬Î½Îµ']",1,2,1,1,1,3
80,Ο μεταφραστής που η σχεδιάστρια μισεί κλαίει.,SVO,V1,sing,m,f,Ο,μεταφραστής,η,σχεδιάστρια,μισεί,κλαίει.,[1],"[2, 3]",4,[5],[6],[7],"[8, 9, 10, 11, 12]",['ÎŁ'],"['ĠÎ¼ÎµÏĦÎ±ÏĨÏģÎ±', 'ÏĥÏĦÎ®ÏĤ']",ĠÏĢÎ¿Ïħ,['ĠÎ·'],['ĠÏĥÏĩÎµÎ´Î¹Î¬'],['ÏĥÏĦÏģÎ¹Î±'],"['ĠÎ¼Î¹Ïĥ', 'ÎµÎ¯', 'ĠÎºÎ»Î±', 'Î¯', 'ÎµÎ¹']",1,2,1,1,1,5
81,Η υποψήφια που η λογίστρια εκτιμά φεύγει.,SVO,V1,sing,f,f,Η,υποψήφια,η,λογίστρια,εκτιμά,φεύγει.,[1],"[2, 3]",4,[5],[6],[7],"[8, 9]",['ÎĹ'],"['ĠÏħÏĢÎ¿ÏĪÎ®ÏĨ', 'Î¹Î±']",ĠÏĢÎ¿Ïħ,['ĠÎ·'],['ĠÎ»Î¿Î³'],['Î¯ÏĥÏĦÏģÎ¹Î±'],"['ĠÎµÎºÏĦÎ¹Î¼Î¬', 'ĠÏĨÎµÏįÎ³ÎµÎ¹']",1,2,1,1,1,2
82,Η υποψήφια που αγαπάει ο πωλητής βήχει.,VSO,V2,sing,f,m,Η,υποψήφια,ο,πωλητής,αγαπάει,βήχει.,[1],"[2, 3]",4,[6],[7],[5],"[8, 9, 10, 11, 12]",['ÎĹ'],"['ĠÏħÏĢÎ¿ÏĪÎ®ÏĨ', 'Î¹Î±']",ĠÏĢÎ¿Ïħ,['ÎµÎ¹'],['ĠÎ¿'],['ĠÎ±Î³Î±ÏĢÎ¬'],"['ĠÏĢÏī', 'Î»Î·', 'ÏĦÎ®ÏĤ', 'ĠÎ²Î®', 'ÏĩÎµÎ¹']",1,2,1,1,1,5
83,Η καθηγήτρια που η μεταφράστρια μισεί πονάει.,SVO,V2,sing,f,f,Η,καθηγήτρια,η,μεταφράστρια,μισεί,πονάει.,[1],[2],3,[4],[5],[6],"[7, 8, 9, 10]",['ÎĹ'],['ĠÎºÎ±Î¸Î·Î³Î®ÏĦÏģÎ¹Î±'],ĠÏĢÎ¿Ïħ,['ĠÎ·'],['ĠÎ¼ÎµÏĦÎ±ÏĨÏģÎ¬'],['ÏĥÏĦÏģÎ¹Î±'],"['ĠÎ¼Î¹Ïĥ', 'ÎµÎ¯', 'ĠÏĢÎ¿Î½', 'Î¬ÎµÎ¹']",1,1,1,1,1,4
84,Η καθηγήτρια που μισεί ο φοιτητής κλαίει.,VSO,V1,sing,f,m,Η,καθηγήτρια,ο,φοιτητής,μισεί,κλαίει.,[1],[2],3,[5],[6],[4],"[7, 8, 9, 10]",['ÎĹ'],['ĠÎºÎ±Î¸Î·Î³Î®ÏĦÏģÎ¹Î±'],ĠÏĢÎ¿Ïħ,['ÎµÎ¯'],['ĠÎ¿'],['ĠÎ¼Î¹Ïĥ'],"['ĠÏĨÎ¿Î¹ÏĦÎ·ÏĦÎ®ÏĤ', 'ĠÎºÎ»Î±', 'Î¯', 'ÎµÎ¹']",1,1,1,1,1,4
85,Οι μεταφράστριες που οι γυμναστές μισούν γελάνε.,SVO,V1,plur,f,m,Οι,μεταφράστριες,οι,γυμναστές,μισούν,γελάνε.,[1],"[2, 3, 4]",5,[6],[7],[8],"[9, 10, 11, 12, 13]",['ÎŁÎ¹'],"['ĠÎ¼ÎµÏĦÎ±ÏĨÏģÎ¬', 'ÏĥÏĦ', 'ÏģÎ¹ÎµÏĤ']",ĠÏĢÎ¿Ïħ,['ĠÎ¿Î¹'],['ĠÎ³ÏħÎ¼Î½Î±'],['ÏĥÏĦÎŃÏĤ'],"['ĠÎ¼Î¹Ïĥ', 'Î¿ÏįÎ½', 'ĠÎ³', 'ÎµÎ»', 'Î¬Î½Îµ']",1,3,1,1,1,5
86,Η χορεύτρια που γνωρίζει η γυμνάστρια πονάει.,VSO,V2,sing,f,f,Η,χορεύτρια,η,γυμνάστρια,γνωρίζει,πονάει.,[1],"[2, 3, 4]",5,[7],[8],[6],"[9, 10, 11, 12]",['ÎĹ'],"['ĠÏĩÎ¿Ïģ', 'ÎµÏį', 'ÏĦÏģÎ¹Î±']",ĠÏĢÎ¿Ïħ,['ĠÎ·'],['ĠÎ³ÏħÎ¼'],['ĠÎ³Î½ÏīÏģÎ¯Î¶ÎµÎ¹'],"['Î½Î¬', 'ÏĥÏĦÏģÎ¹Î±', 'ĠÏĢÎ¿Î½', 'Î¬ÎµÎ¹']",1,3,1,1,1,4
87,Η χορεύτρια που ο σχεδιαστής εκτιμά κλαίει.,SVO,V2,sing,f,m,Η,χορεύτρια,ο,σχεδιαστής,εκτιμά,κλαίει.,[1],"[2, 3, 4]",5,[6],[7],[8],"[9, 10, 11, 12]",['ÎĹ'],"['ĠÏĩÎ¿Ïģ', 'ÎµÏį', 'ÏĦÏģÎ¹Î±']",ĠÏĢÎ¿Ïħ,['ĠÎ¿'],['ĠÏĥÏĩÎµÎ´Î¹Î±'],['ÏĥÏĦÎ®ÏĤ'],"['ĠÎµÎºÏĦÎ¹Î¼Î¬', 'ĠÎºÎ»Î±', 'Î¯', 'ÎµÎ¹']",1,3,1,1,1,4
88,Οι σχεδιαστές που αντιπαθούν οι πωλήτριες κλαίνε.,VSO,V1,plur,m,f,Οι,σχεδιαστές,οι,πωλήτριες,αντιπαθούν,κλαίνε.,[1],"[2, 3]",4,[6],[7],[5],"[8, 9, 10, 11, 12, 13]",['ÎŁÎ¹'],"['ĠÏĥÏĩÎµÎ´Î¹Î±', 'ÏĥÏĦÎŃÏĤ']",ĠÏĢÎ¿Ïħ,['ÏĢÎ±'],['Î¸Î¿ÏįÎ½'],['ĠÎ±Î½ÏĦÎ¹'],"['ĠÎ¿Î¹', 'ĠÏĢÏī', 'Î»Î®', 'ÏĦÏģÎ¹ÎµÏĤ', 'ĠÎºÎ»Î±', 'Î¯Î½Îµ']",1,2,1,1,1,6
89,Η πωλήτρια που αντιπαθεί η εργάτρια κλαίει.,VSO,V1,sing,f,f,Η,πωλήτρια,η,εργάτρια,αντιπαθεί,κλαίει.,[1],"[2, 3, 4]",5,[7],[8],[6],"[9, 10, 11, 12, 13, 14]",['ÎĹ'],"['ĠÏĢÏī', 'Î»Î®', 'ÏĦÏģÎ¹Î±']",ĠÏĢÎ¿Ïħ,['ÏĢÎ±'],['Î¸ÎµÎ¯'],['ĠÎ±Î½ÏĦÎ¹'],"['ĠÎ·', 'ĠÎµÏģÎ³Î¬', 'ÏĦÏģÎ¹Î±', 'ĠÎºÎ»Î±', 'Î¯', 'ÎµÎ¹']",1,3,1,1,1,6
90,Οι υποψήφιες που θαυμάζουν οι μαγείρισσες σκέφτονται.,VSO,V1,plur,f,f,Οι,υποψήφιες,οι,μαγείρισσες,θαυμάζουν,σκέφτονται.,[1],"[2, 3]",4,[6],[7],[5],"[8, 9, 10, 11, 12, 13]",['ÎŁÎ¹'],"['ĠÏħÏĢÎ¿ÏĪÎ®ÏĨÎ¹', 'ÎµÏĤ']",ĠÏĢÎ¿Ïħ,['Î¶Î¿ÏħÎ½'],['ĠÎ¿Î¹'],['ĠÎ¸Î±ÏħÎ¼Î¬'],"['ĠÎ¼Î±Î³', 'ÎµÎ¯', 'ÏģÎ¹', 'ÏĥÏĥÎµÏĤ', 'ĠÏĥÎºÎŃÏĨ', 'ÏĦÎ¿Î½ÏĦÎ±Î¹']",1,2,1,1,1,6
91,Ο νοσοκόμος που μισεί ο δάσκαλος γελάει.,VSO,V1,sing,m,m,Ο,νοσοκόμος,ο,δάσκαλος,μισεί,γελάει.,[1],"[2, 3, 4, 5]",6,[8],[9],[7],"[10, 11, 12, 13]",['ÎŁ'],"['ĠÎ½Î¿', 'ÏĥÎ¿', 'ÎºÏĮ', 'Î¼Î¿ÏĤ']",ĠÏĢÎ¿Ïħ,['ÎµÎ¯'],['ĠÎ¿'],['ĠÎ¼Î¹Ïĥ'],"['ĠÎ´Î¬ÏĥÎºÎ±Î»Î¿ÏĤ', 'ĠÎ³', 'ÎµÎ»Î¬', 'ÎµÎ¹']",1,4,1,1,1,4
92,Ο αθλητής που εκτιμά η μαγείρισσα βήχει.,VSO,V2,sing,m,f,Ο,αθλητής,η,μαγείρισσα,εκτιμά,βήχει.,[1],"[2, 3]",4,[6],[7],[5],"[8, 9, 10, 11, 12]",['ÎŁ'],"['ĠÎ±Î¸Î»Î·', 'ÏĦÎ®ÏĤ']",ĠÏĢÎ¿Ïħ,['ĠÎ·'],['ĠÎ¼Î±Î³'],['ĠÎµÎºÏĦÎ¹Î¼Î¬'],"['ÎµÎ¯', 'ÏģÎ¹Ïĥ', 'ÏĥÎ±', 'ĠÎ²Î®', 'ÏĩÎµÎ¹']",1,2,1,1,1,5
93,Οι μάγειρες που αγαπούν οι νοσοκόμες κλαίνε.,VSO,V2,plur,m,f,Οι,μάγειρες,οι,νοσοκόμες,αγαπούν,κλαίνε.,[1],"[2, 3, 4]",5,[7],[8],[6],"[9, 10, 11, 12, 13, 14]",['ÎŁÎ¹'],"['ĠÎ¼Î¬', 'Î³ÎµÎ¹', 'ÏģÎµÏĤ']",ĠÏĢÎ¿Ïħ,['ÏĢÎ¿ÏįÎ½'],['ĠÎ¿Î¹'],['ĠÎ±Î³Î±'],"['ĠÎ½Î¿', 'ÏĥÎ¿', 'ÎºÏĮ', 'Î¼ÎµÏĤ', 'ĠÎºÎ»Î±', 'Î¯Î½Îµ']",1,3,1,1,1,6
94,Οι πωλήτριες που οι υποψήφιες γνωρίζουν πονάνε.,SVO,V1,plur,f,f,Οι,πωλήτριες,οι,υποψήφιες,γνωρίζουν,πονάνε.,[1],"[2, 3, 4]",5,[6],[7],[8],"[9, 10, 11]",['ÎŁÎ¹'],"['ĠÏĢÏī', 'Î»Î®', 'ÏĦÏģÎ¹ÎµÏĤ']",ĠÏĢÎ¿Ïħ,['ĠÎ¿Î¹'],['ĠÏħÏĢÎ¿ÏĪÎ®ÏĨÎ¹'],['ÎµÏĤ'],"['ĠÎ³Î½ÏīÏģÎ¯Î¶Î¿ÏħÎ½', 'ĠÏĢÎ¿Î½', 'Î¬Î½Îµ']",1,3,1,1,1,3
95,Οι γυμναστές που οι καθηγητές γνωρίζουν κλαίνε.,SVO,V2,plur,m,m,Οι,γυμναστές,οι,καθηγητές,γνωρίζουν,κλαίνε.,[1],"[2, 3]",4,[5],[6],[7],"[8, 9]",['ÎŁÎ¹'],"['ĠÎ³ÏħÎ¼Î½Î±', 'ÏĥÏĦÎŃÏĤ']",ĠÏĢÎ¿Ïħ,['ĠÎ¿Î¹'],['ĠÎºÎ±Î¸Î·Î³Î·ÏĦÎŃÏĤ'],['ĠÎ³Î½ÏīÏģÎ¯Î¶Î¿ÏħÎ½'],"['ĠÎºÎ»Î±', 'Î¯Î½Îµ']",1,2,1,1,1,2
96,Οι χορεύτριες που οι δάσκαλοι συμπαθούν πονάνε.,SVO,V2,plur,f,m,Οι,χορεύτριες,οι,δάσκαλοι,συμπαθούν,πονάνε.,[1],"[2, 3, 4]",5,[6],[7],[8],"[9, 10, 11, 12]",['ÎŁÎ¹'],"['ĠÏĩÎ¿Ïģ', 'ÎµÏį', 'ÏĦÏģÎ¹ÎµÏĤ']",ĠÏĢÎ¿Ïħ,['ĠÎ¿Î¹'],['ĠÎ´Î¬ÏĥÎºÎ±'],['Î»Î¿Î¹'],"['ĠÏĥÏħÎ¼ÏĢÎ±', 'Î¸Î¿ÏįÎ½', 'ĠÏĢÎ¿Î½', 'Î¬Î½Îµ']",1,3,1,1,1,4
97,Οι νοσοκόμοι που συμπαθούν οι μαθητές φεύγουν.,VSO,V2,plur,m,m,Οι,νοσοκόμοι,οι,μαθητές,συμπαθούν,φεύγουν.,[1],"[2, 3, 4, 5]",6,[8],[9],[7],"[10, 11, 12]",['ÎŁÎ¹'],"['ĠÎ½Î¿', 'ÏĥÎ¿', 'ÎºÏĮ', 'Î¼Î¿Î¹']",ĠÏĢÎ¿Ïħ,['Î¸Î¿ÏįÎ½'],['ĠÎ¿Î¹'],['ĠÏĥÏħÎ¼ÏĢÎ±'],"['ĠÎ¼Î±Î¸Î·ÏĦÎŃÏĤ', 'ĠÏĨÎµÏį', 'Î³Î¿ÏħÎ½']",1,4,1,1,1,3
98,Η χορεύτρια που η φοιτήτρια αντιπαθεί βήχει.,SVO,V2,sing,f,f,Η,χορεύτρια,η,φοιτήτρια,αντιπαθεί,βήχει.,[1],"[2, 3, 4]",5,[6],[7],[8],"[9, 10, 11, 12, 13, 14]",['ÎĹ'],"['ĠÏĩÎ¿Ïģ', 'ÎµÏį', 'ÏĦÏģÎ¹Î±']",ĠÏĢÎ¿Ïħ,['ĠÎ·'],['ĠÏĨÎ¿Î¹'],['ÏĦÎ®'],"['ÏĦÏģÎ¹Î±', 'ĠÎ±Î½ÏĦÎ¹', 'ÏĢÎ±', 'Î¸ÎµÎ¯', 'ĠÎ²Î®', 'ÏĩÎµÎ¹']",1,3,1,1,1,6
99,Οι μαθήτριες που αντιπαθούν οι χορεύτριες βήχουν.,VSO,V1,plur,f,f,Οι,μαθήτριες,οι,χορεύτριες,αντιπαθούν,βήχουν.,[1],"[2, 3]",4,[6],[7],[5],"[8, 9, 10, 11, 12, 13]",['ÎŁÎ¹'],"['ĠÎ¼Î±Î¸Î®', 'ÏĦÏģÎ¹ÎµÏĤ']",ĠÏĢÎ¿Ïħ,['ÏĢÎ±'],['Î¸Î¿ÏįÎ½'],['ĠÎ±Î½ÏĦÎ¹'],"['ĠÎ¿Î¹', 'ĠÏĩÎ¿Ïģ', 'ÎµÏį', 'ÏĦÏģÎ¹ÎµÏĤ', 'ĠÎ²Î®', 'ÏĩÎ¿ÏħÎ½']",1,2,1,1,1,6
100,Ο δάσκαλος που θαυμάζει ο νοσοκόμος πονάει.,VSO,V1,sing,m,m,Ο,δάσκαλος,ο,νοσοκόμος,θαυμάζει,πονάει.,[1],[2],3,[5],[6],[4],"[7, 8, 9, 10, 11, 12]",['ÎŁ'],['ĠÎ´Î¬ÏĥÎºÎ±Î»Î¿ÏĤ'],ĠÏĢÎ¿Ïħ,['Î¶ÎµÎ¹'],['ĠÎ¿'],['ĠÎ¸Î±ÏħÎ¼Î¬'],"['ĠÎ½Î¿', 'ÏĥÎ¿', 'ÎºÏĮ', 'Î¼Î¿ÏĤ', 'ĠÏĢÎ¿Î½', 'Î¬ÎµÎ¹']",1,1,1,1,1,6
101,Ο εργάτης που η υποψήφια θαυμάζει φεύγει.,SVO,V2,sing,m,f,Ο,εργάτης,η,υποψήφια,θαυμάζει,φεύγει.,[1],"[2, 3]",4,[5],[6],[7],"[8, 9, 10]",['ÎŁ'],"['ĠÎµÏģÎ³Î¬', 'ÏĦÎ·ÏĤ']",ĠÏĢÎ¿Ïħ,['ĠÎ·'],['ĠÏħÏĢÎ¿ÏĪÎ®ÏĨ'],['Î¹Î±'],"['ĠÎ¸Î±ÏħÎ¼Î¬', 'Î¶ÎµÎ¹', 'ĠÏĨÎµÏįÎ³ÎµÎ¹']",1,2,1,1,1,3
102,Οι σχεδιάστριες που αγαπούν οι νοσοκόμες φεύγουν.,VSO,V2,plur,f,f,Οι,σχεδιάστριες,οι,νοσοκόμες,αγαπούν,φεύγουν.,[1],"[2, 3, 4]",5,[7],[8],[6],"[9, 10, 11, 12, 13, 14]",['ÎŁÎ¹'],"['ĠÏĥÏĩÎµÎ´Î¹Î¬', 'ÏĥÏĦ', 'ÏģÎ¹ÎµÏĤ']",ĠÏĢÎ¿Ïħ,['ÏĢÎ¿ÏįÎ½'],['ĠÎ¿Î¹'],['ĠÎ±Î³Î±'],"['ĠÎ½Î¿', 'ÏĥÎ¿', 'ÎºÏĮ', 'Î¼ÎµÏĤ', 'ĠÏĨÎµÏį', 'Î³Î¿ÏħÎ½']",1,3,1,1,1,6
103,Η καθηγήτρια που ο κομμωτής θαυμάζει κλαίει.,SVO,V2,sing,f,m,Η,καθηγήτρια,ο,κομμωτής,θαυμάζει,κλαίει.,[1],[2],3,[4],[5],[6],"[7, 8, 9, 10, 11, 12, 13]",['ÎĹ'],['ĠÎºÎ±Î¸Î·Î³Î®ÏĦÏģÎ¹Î±'],ĠÏĢÎ¿Ïħ,['ĠÎ¿'],['ĠÎºÎ¿'],['Î¼Î¼'],"['Ïī', 'ÏĦÎ®ÏĤ', 'ĠÎ¸Î±ÏħÎ¼Î¬', 'Î¶ÎµÎ¹', 'ĠÎºÎ»Î±', 'Î¯', 'ÎµÎ¹']",1,1,1,1,1,7
104,Η πωλήτρια που ο μαθητής αντιπαθεί πονάει.,SVO,V1,sing,f,m,Η,πωλήτρια,ο,μαθητής,αντιπαθεί,πονάει.,[1],"[2, 3, 4]",5,[6],[7],[8],"[9, 10, 11, 12]",['ÎĹ'],"['ĠÏĢÏī', 'Î»Î®', 'ÏĦÏģÎ¹Î±']",ĠÏĢÎ¿Ïħ,['ĠÎ¿'],['ĠÎ¼Î±Î¸Î·ÏĦÎ®ÏĤ'],['ĠÎ±Î½ÏĦÎ¹'],"['ÏĢÎ±', 'Î¸ÎµÎ¯', 'ĠÏĢÎ¿Î½', 'Î¬ÎµÎ¹']",1,3,1,1,1,4
105,Ο μάγειρας που η γυμνάστρια αγαπάει γελάει.,SVO,V1,sing,m,f,Ο,μάγειρας,η,γυμνάστρια,αγαπάει,γελάει.,[1],"[2, 3, 4]",5,[6],[7],[8],"[9, 10, 11, 12, 13, 14]",['ÎŁ'],"['ĠÎ¼Î¬', 'Î³ÎµÎ¹', 'ÏģÎ±ÏĤ']",ĠÏĢÎ¿Ïħ,['ĠÎ·'],['ĠÎ³ÏħÎ¼'],['Î½Î¬'],"['ÏĥÏĦÏģÎ¹Î±', 'ĠÎ±Î³Î±ÏĢÎ¬', 'ÎµÎ¹', 'ĠÎ³', 'ÎµÎ»Î¬', 'ÎµÎ¹']",1,3,1,1,1,6
106,Ο πωλητής που συμπαθεί η καθηγήτρια πονάει.,VSO,V1,sing,m,f,Ο,πωλητής,η,καθηγήτρια,συμπαθεί,πονάει.,[1],"[2, 3, 4]",5,[7],[8],[6],"[9, 10, 11]",['ÎŁ'],"['ĠÏĢÏī', 'Î»Î·', 'ÏĦÎ®ÏĤ']",ĠÏĢÎ¿Ïħ,['Î¸ÎµÎ¯'],['ĠÎ·'],['ĠÏĥÏħÎ¼ÏĢÎ±'],"['ĠÎºÎ±Î¸Î·Î³Î®ÏĦÏģÎ¹Î±', 'ĠÏĢÎ¿Î½', 'Î¬ÎµÎ¹']",1,3,1,1,1,3
107,Η σχεδιάστρια που η κομμώτρια αγαπάει πονάει.,SVO,V1,sing,f,f,Η,σχεδιάστρια,η,κομμώτρια,αγαπάει,πονάει.,[1],"[2, 3]",4,[5],[6],[7],"[8, 9, 10, 11, 12, 13]",['ÎĹ'],"['ĠÏĥÏĩÎµÎ´Î¹Î¬', 'ÏĥÏĦÏģÎ¹Î±']",ĠÏĢÎ¿Ïħ,['ĠÎ·'],['ĠÎºÎ¿'],['Î¼Î¼'],"['Ïİ', 'ÏĦÏģÎ¹Î±', 'ĠÎ±Î³Î±ÏĢÎ¬', 'ÎµÎ¹', 'ĠÏĢÎ¿Î½', 'Î¬ÎµÎ¹']",1,2,1,1,1,6
108,Οι καθηγητές που οι μαθητές αντιπαθούν σκέφτονται.,SVO,V1,plur,m,m,Οι,καθηγητές,οι,μαθητές,αντιπαθούν,σκέφτονται.,[1],[2],3,[4],[5],[6],"[7, 8, 9, 10]",['ÎŁÎ¹'],['ĠÎºÎ±Î¸Î·Î³Î·ÏĦÎŃÏĤ'],ĠÏĢÎ¿Ïħ,['ĠÎ¿Î¹'],['ĠÎ¼Î±Î¸Î·ÏĦÎŃÏĤ'],['ĠÎ±Î½ÏĦÎ¹'],"['ÏĢÎ±', 'Î¸Î¿ÏįÎ½', 'ĠÏĥÎºÎŃÏĨ', 'ÏĦÎ¿Î½ÏĦÎ±Î¹']",1,1,1,1,1,4
109,Η δασκάλα που εκτιμά ο κομμωτής βήχει.,VSO,V2,sing,f,m,Η,δασκάλα,ο,κομμωτής,εκτιμά,βήχει.,[1],[2],3,[5],[6],[4],"[7, 8, 9, 10, 11]",['ÎĹ'],['ĠÎ´Î±ÏĥÎºÎ¬Î»Î±'],ĠÏĢÎ¿Ïħ,['ĠÎ¿'],['ĠÎºÎ¿'],['ĠÎµÎºÏĦÎ¹Î¼Î¬'],"['Î¼Î¼', 'Ïī', 'ÏĦÎ®ÏĤ', 'ĠÎ²Î®', 'ÏĩÎµÎ¹']",1,1,1,1,1,5
110,Οι φοιτητές που συμπαθούν οι μεταφράστριες βήχουν.,VSO,V1,plur,m,f,Οι,φοιτητές,οι,μεταφράστριες,συμπαθούν,βήχουν.,[1],[2],3,[5],[6],[4],"[7, 8, 9, 10, 11]",['ÎŁÎ¹'],['ĠÏĨÎ¿Î¹ÏĦÎ·ÏĦÎŃÏĤ'],ĠÏĢÎ¿Ïħ,['Î¸Î¿ÏįÎ½'],['ĠÎ¿Î¹'],['ĠÏĥÏħÎ¼ÏĢÎ±'],"['ĠÎ¼ÎµÏĦÎ±ÏĨÏģÎ¬', 'ÏĥÏĦ', 'ÏģÎ¹ÎµÏĤ', 'ĠÎ²Î®', 'ÏĩÎ¿ÏħÎ½']",1,1,1,1,1,5
111,Οι εργάτες που γνωρίζουν οι αθλητες φεύγουν.,VSO,V1,plur,m,m,Οι,εργάτες,οι,αθλητες,γνωρίζουν,φεύγουν.,[1],"[2, 3]",4,[6],[7],[5],"[8, 9, 10]",['ÎŁÎ¹'],"['ĠÎµÏģÎ³', 'Î¬ÏĦÎµÏĤ']",ĠÏĢÎ¿Ïħ,['ĠÎ¿Î¹'],['ĠÎ±Î¸Î»Î·'],['ĠÎ³Î½ÏīÏģÎ¯Î¶Î¿ÏħÎ½'],"['ÏĦÎµÏĤ', 'ĠÏĨÎµÏį', 'Î³Î¿ÏħÎ½']",1,2,1,1,1,3
112,Ο λογιστής που ο καθηγητής εκτιμά βήχει.,SVO,V2,sing,m,m,Ο,λογιστής,ο,καθηγητής,εκτιμά,βήχει.,[1],"[2, 3]",4,[5],[6],[7],"[8, 9]",['ÎŁ'],"['ĠÎ»Î¿Î³', 'Î¹ÏĥÏĦÎ®ÏĤ']",ĠÏĢÎ¿Ïħ,['ĠÎ¿'],['ĠÎºÎ±Î¸Î·Î³Î·ÏĦÎ®ÏĤ'],['ĠÎµÎºÏĦÎ¹Î¼Î¬'],"['ĠÎ²Î®', 'ÏĩÎµÎ¹']",1,2,1,1,1,2
113,Οι φοιτητές που γνωρίζουν οι καθηγήτριες βήχουν.,VSO,V2,plur,m,f,Οι,φοιτητές,οι,καθηγήτριες,γνωρίζουν,βήχουν.,[1],[2],3,[5],[6],[4],"[7, 8, 9, 10]",['ÎŁÎ¹'],['ĠÏĨÎ¿Î¹ÏĦÎ·ÏĦÎŃÏĤ'],ĠÏĢÎ¿Ïħ,['ĠÎ¿Î¹'],['ĠÎºÎ±Î¸Î·'],['ĠÎ³Î½ÏīÏģÎ¯Î¶Î¿ÏħÎ½'],"['Î³Î®', 'ÏĦÏģÎ¹ÎµÏĤ', 'ĠÎ²Î®', 'ÏĩÎ¿ÏħÎ½']",1,1,1,1,1,4
114,Ο πωλητής που αγαπάει ο δάσκαλος γελάει.,VSO,V2,sing,m,m,Ο,πωλητής,ο,δάσκαλος,αγαπάει,γελάει.,[1],"[2, 3, 4]",5,[7],[8],[6],"[9, 10, 11, 12]",['ÎŁ'],"['ĠÏĢÏī', 'Î»Î·', 'ÏĦÎ®ÏĤ']",ĠÏĢÎ¿Ïħ,['ÎµÎ¹'],['ĠÎ¿'],['ĠÎ±Î³Î±ÏĢÎ¬'],"['ĠÎ´Î¬ÏĥÎºÎ±Î»Î¿ÏĤ', 'ĠÎ³', 'ÎµÎ»Î¬', 'ÎµÎ¹']",1,3,1,1,1,4
115,Η μεταφράστρια που μισεί ο μαθητής φεύγει.,VSO,V1,sing,f,m,Η,μεταφράστρια,ο,μαθητής,μισεί,φεύγει.,[1],"[2, 3]",4,[6],[7],[5],"[8, 9]",['ÎĹ'],"['ĠÎ¼ÎµÏĦÎ±ÏĨÏģÎ¬', 'ÏĥÏĦÏģÎ¹Î±']",ĠÏĢÎ¿Ïħ,['ÎµÎ¯'],['ĠÎ¿'],['ĠÎ¼Î¹Ïĥ'],"['ĠÎ¼Î±Î¸Î·ÏĦÎ®ÏĤ', 'ĠÏĨÎµÏįÎ³ÎµÎ¹']",1,2,1,1,1,2
116,Οι σχεδιαστές που οι μαγείρισσες μισούν κλαίνε.,SVO,V2,plur,m,f,Οι,σχεδιαστές,οι,μαγείρισσες,μισούν,κλαίνε.,[1],"[2, 3]",4,[5],[6],[7],"[8, 9, 10, 11, 12, 13]",['ÎŁÎ¹'],"['ĠÏĥÏĩÎµÎ´Î¹Î±', 'ÏĥÏĦÎŃÏĤ']",ĠÏĢÎ¿Ïħ,['ĠÎ¿Î¹'],['ĠÎ¼Î±Î³'],['ÎµÎ¯'],"['ÏģÎ¹', 'ÏĥÏĥÎµÏĤ', 'ĠÎ¼Î¹Ïĥ', 'Î¿ÏįÎ½', 'ĠÎºÎ»Î±', 'Î¯Î½Îµ']",1,2,1,1,1,6
117,Οι καθηγήτριες που αντιπαθούν οι σχεδιαστές πονάνε.,VSO,V1,plur,f,m,Οι,καθηγήτριες,οι,σχεδιαστές,αντιπαθούν,πονάνε.,[1],"[2, 3, 4]",5,[7],[8],[6],"[9, 10, 11, 12, 13]",['ÎŁÎ¹'],"['ĠÎºÎ±Î¸Î·', 'Î³Î®', 'ÏĦÏģÎ¹ÎµÏĤ']",ĠÏĢÎ¿Ïħ,['ÏĢÎ±'],['Î¸Î¿ÏįÎ½'],['ĠÎ±Î½ÏĦÎ¹'],"['ĠÎ¿Î¹', 'ĠÏĥÏĩÎµÎ´Î¹Î±', 'ÏĥÏĦÎŃÏĤ', 'ĠÏĢÎ¿Î½', 'Î¬Î½Îµ']",1,3,1,1,1,5
118,Οι σχεδιάστριες που οι κομμώτριες συμπαθούν πονάνε.,SVO,V1,plur,f,f,Οι,σχεδιάστριες,οι,κομμώτριες,συμπαθούν,πονάνε.,[1],"[2, 3, 4]",5,[6],[7],[8],"[9, 10, 11, 12, 13, 14]",['ÎŁÎ¹'],"['ĠÏĥÏĩÎµÎ´Î¹Î¬', 'ÏĥÏĦ', 'ÏģÎ¹ÎµÏĤ']",ĠÏĢÎ¿Ïħ,['ĠÎ¿Î¹'],['ĠÎºÎ¿'],['Î¼Î¼'],"['Ïİ', 'ÏĦÏģÎ¹ÎµÏĤ', 'ĠÏĥÏħÎ¼ÏĢÎ±', 'Î¸Î¿ÏįÎ½', 'ĠÏĢÎ¿Î½', 'Î¬Î½Îµ']",1,3,1,1,1,6
119,Η εργάτρια που συμπαθεί η φοιτήτρια σκέφτεται.,VSO,V2,sing,f,f,Η,εργάτρια,η,φοιτήτρια,συμπαθεί,σκέφτεται.,[1],"[2, 3]",4,[6],[7],[5],"[8, 9, 10, 11]",['ÎĹ'],"['ĠÎµÏģÎ³Î¬', 'ÏĦÏģÎ¹Î±']",ĠÏĢÎ¿Ïħ,['Î¸ÎµÎ¯'],['ĠÎ·'],['ĠÏĥÏħÎ¼ÏĢÎ±'],"['ĠÏĨÎ¿Î¹', 'ÏĦÎ®', 'ÏĦÏģÎ¹Î±', 'ĠÏĥÎºÎŃÏĨÏĦÎµÏĦÎ±Î¹']",1,2,1,1,1,4
120,Οι μεταφράστριες που οι μάγειρες μισούν φεύγουν.,SVO,V1,plur,f,m,Οι,μεταφράστριες,οι,μάγειρες,μισούν,φεύγουν.,[1],"[2, 3, 4]",5,[6],[7],[8],"[9, 10, 11, 12, 13]",['ÎŁÎ¹'],"['ĠÎ¼ÎµÏĦÎ±ÏĨÏģÎ¬', 'ÏĥÏĦ', 'ÏģÎ¹ÎµÏĤ']",ĠÏĢÎ¿Ïħ,['ĠÎ¿Î¹'],['ĠÎ¼Î¬'],['Î³ÎµÎ¹'],"['ÏģÎµÏĤ', 'ĠÎ¼Î¹Ïĥ', 'Î¿ÏįÎ½', 'ĠÏĨÎµÏį', 'Î³Î¿ÏħÎ½']",1,3,1,1,1,5
121,Η αθλήτρια που εκτιμά η γυμνάστρια πονάει.,VSO,V1,sing,f,f,Η,αθλήτρια,η,γυμνάστρια,εκτιμά,πονάει.,[1],"[2, 3]",4,[6],[7],[5],"[8, 9, 10, 11]",['ÎĹ'],"['ĠÎ±Î¸Î»Î®', 'ÏĦÏģÎ¹Î±']",ĠÏĢÎ¿Ïħ,['ĠÎ·'],['ĠÎ³ÏħÎ¼'],['ĠÎµÎºÏĦÎ¹Î¼Î¬'],"['Î½Î¬', 'ÏĥÏĦÏģÎ¹Î±', 'ĠÏĢÎ¿Î½', 'Î¬ÎµÎ¹']",1,2,1,1,1,4
122,Οι μαθήτριες που οι δασκάλες αντιπαθούν πονάνε.,SVO,V2,plur,f,f,Οι,μαθήτριες,οι,δασκάλες,αντιπαθούν,πονάνε.,[1],"[2, 3]",4,[5],[6],[7],"[8, 9, 10, 11, 12]",['ÎŁÎ¹'],"['ĠÎ¼Î±Î¸Î®', 'ÏĦÏģÎ¹ÎµÏĤ']",ĠÏĢÎ¿Ïħ,['ĠÎ¿Î¹'],['ĠÎ´Î±ÏĥÎº'],['Î¬Î»ÎµÏĤ'],"['ĠÎ±Î½ÏĦÎ¹', 'ÏĢÎ±', 'Î¸Î¿ÏįÎ½', 'ĠÏĢÎ¿Î½', 'Î¬Î½Îµ']",1,2,1,1,1,5
123,Ο γυμναστής που ο φοιτητής αγαπάει πονάει.,SVO,V1,sing,m,m,Ο,γυμναστής,ο,φοιτητής,αγαπάει,πονάει.,[1],"[2, 3]",4,[5],[6],[7],"[8, 9, 10]",['ÎŁ'],"['ĠÎ³ÏħÎ¼Î½Î±', 'ÏĥÏĦÎ®ÏĤ']",ĠÏĢÎ¿Ïħ,['ĠÎ¿'],['ĠÏĨÎ¿Î¹ÏĦÎ·ÏĦÎ®ÏĤ'],['ĠÎ±Î³Î±ÏĢÎ¬'],"['ÎµÎ¹', 'ĠÏĢÎ¿Î½', 'Î¬ÎµÎ¹']",1,2,1,1,1,3
124,Ο μάγειρας που συμπαθεί η καθηγήτρια πονάει.,VSO,V2,sing,m,f,Ο,μάγειρας,η,καθηγήτρια,συμπαθεί,πονάει.,[1],"[2, 3, 4]",5,[7],[8],[6],"[9, 10, 11]",['ÎŁ'],"['ĠÎ¼Î¬', 'Î³ÎµÎ¹', 'ÏģÎ±ÏĤ']",ĠÏĢÎ¿Ïħ,['Î¸ÎµÎ¯'],['ĠÎ·'],['ĠÏĥÏħÎ¼ÏĢÎ±'],"['ĠÎºÎ±Î¸Î·Î³Î®ÏĦÏģÎ¹Î±', 'ĠÏĢÎ¿Î½', 'Î¬ÎµÎ¹']",1,3,1,1,1,3
125,Οι εργάτες που οι χορευτές μισούν πονάνε.,SVO,V2,plur,m,m,Οι,εργάτες,οι,χορευτές,μισούν,πονάνε.,[1],"[2, 3]",4,[5],[6],[7],"[8, 9, 10, 11]",['ÎŁÎ¹'],"['ĠÎµÏģÎ³', 'Î¬ÏĦÎµÏĤ']",ĠÏĢÎ¿Ïħ,['ĠÎ¿Î¹'],['ĠÏĩÎ¿ÏģÎµÏħ'],['ÏĦÎŃÏĤ'],"['ĠÎ¼Î¹Ïĥ', 'Î¿ÏįÎ½', 'ĠÏĢÎ¿Î½', 'Î¬Î½Îµ']",1,2,1,1,1,4
126,Οι κομμωτές που οι δασκάλες εκτιμούν σκέφτονται.,SVO,V1,plur,m,f,Οι,κομμωτές,οι,δασκάλες,εκτιμούν,σκέφτονται.,[1],"[2, 3, 4]",5,[6],[7],[8],"[9, 10, 11]",['ÎŁÎ¹'],"['ĠÎºÎ¿', 'Î¼Î¼', 'ÏīÏĦÎŃÏĤ']",ĠÏĢÎ¿Ïħ,['ĠÎ¿Î¹'],['ĠÎ´Î±ÏĥÎº'],['Î¬Î»ÎµÏĤ'],"['ĠÎµÎºÏĦÎ¹Î¼Î¿ÏįÎ½', 'ĠÏĥÎºÎŃÏĨ', 'ÏĦÎ¿Î½ÏĦÎ±Î¹']",1,3,1,1,1,3
127,Οι χορεύτριες που θαυμάζουν οι νοσοκόμοι βήχουν.,VSO,V2,plur,f,m,Οι,χορεύτριες,οι,νοσοκόμοι,θαυμάζουν,βήχουν.,[1],"[2, 3, 4]",5,[7],[8],[6],"[9, 10, 11, 12, 13, 14]",['ÎŁÎ¹'],"['ĠÏĩÎ¿Ïģ', 'ÎµÏį', 'ÏĦÏģÎ¹ÎµÏĤ']",ĠÏĢÎ¿Ïħ,['Î¶Î¿ÏħÎ½'],['ĠÎ¿Î¹'],['ĠÎ¸Î±ÏħÎ¼Î¬'],"['ĠÎ½Î¿', 'ÏĥÎ¿', 'ÎºÏĮ', 'Î¼Î¿Î¹', 'ĠÎ²Î®', 'ÏĩÎ¿ÏħÎ½']",1,3,1,1,1,6
